date;art_sentiment1_noecb_dm_we_ip
02-janv-06;.5015527606010437
03-janv-06;2.358284950256348
04-janv-06;-.5472149848937988
05-janv-06;-.0767592191696167
06-janv-06;1.090785026550293
09-janv-06;1.023392677307129
10-janv-06;.9067459106445313
11-janv-06;1.361292719841003
12-janv-06;.3839943706989288
13-janv-06;.3858558833599091
16-janv-06;.143293485045433
17-janv-06;1.232668876647949
18-janv-06;.6633608341217041
19-janv-06;.301898717880249
20-janv-06;.2164332121610642
23-janv-06;.1309677064418793
24-janv-06;.0455022007226944
25-janv-06;1.4277184009552
26-janv-06;.9637953042984009
27-janv-06;1.695849537849426
30-janv-06;2.352492094039917
31-janv-06;-.5077149868011475
01feb2006;-1.155391931533814
02feb2006;.7421066761016846
03feb2006;.5189335942268372
06feb2006;.96235591173172
07feb2006;.4844896495342255
08feb2006;-.7572149634361267
09feb2006;1.337185025215149
10feb2006;.7389600276947022
13feb2006;-.1836274713277817
14feb2006;.7502850294113159
15feb2006;.7237850427627564
16feb2006;.0048608053475618
17feb2006;-.0846391906961799
20feb2006;-.1741391867399216
21feb2006;.2419850081205368
22feb2006;-.0624977685511112
23feb2006;1.903584957122803
24feb2006;1.23178505897522
27feb2006;1.369192719459534
28feb2006;.1857849955558777
01-mars-06;.1187850162386894
02-mars-06;.9713295102119446
03-mars-06;.7459263205528259
06-mars-06;1.038117527961731
07-mars-06;.6952856779098511
08-mars-06;.4986153542995453
09-mars-06;-.0977149903774261
10-mars-06;.5859366059303284
13-mars-06;.1188608109951019
14-mars-06;-1.305714964866638
15-mars-06;.111118346452713
16-mars-06;-.1707150191068649
17-mars-06;-.0806663036346436
20-mars-06;.6510593295097351
21-mars-06;.0213608145713806
22-mars-06;1.258485078811646
23-mars-06;.1987850069999695
24-mars-06;-.3518311083316803
27-mars-06;-.8075230717658997
28-mars-06;1.710322499275208
29-mars-06;1.107360363006592
30-mars-06;.1197850108146668
31-mars-06;1.615885138511658
03apr2006;1.021318316459656
04apr2006;2.35868501663208
05apr2006;1.212468981742859
06apr2006;1.288990497589111
07apr2006;.7044677138328552
10apr2006;.5860081911087036
11apr2006;.4849539697170258
12apr2006;.2184307873249054
13apr2006;2.0606849193573
14apr2006;.9586464911699295
17apr2006;-.1433919370174408
18apr2006;1.412485003471375
19apr2006;1.089024662971497
20apr2006;.9454048275947571
21apr2006;.8017849922180176
24apr2006;.4622850120067596
25apr2006;2.12348484992981
26apr2006;2.261035203933716
27apr2006;2.92118501663208
28apr2006;1.458718299865723
01may2006;1.249765276908875
02may2006;.9247849583625794
03may2006;1.744784951210022
04may2006;1.003095984458923
05may2006;.4550297260284424
08may2006;.8679704666137695
09may2006;.1078165844082832
10may2006;.5191007889807224
11may2006;.9303849935531616
12may2006;.4345287084579468
15may2006;.6056568622589111
16may2006;.3570849895477295
17may2006;-.3793900012969971
18may2006;.4767850041389465
19may2006;.7607850432395935
22may2006;.6504907608032227
23may2006;-1.161214947700501
24may2006;.2422060519456863
25may2006;1.059234976768494
26may2006;.434785008430481
29may2006;.8187850117683411
30may2006;.9009016752243042
31may2006;.3871766924858093
01-juin-06;.1628355532884598
02-juin-06;.7769667506217957
05-juin-06;.2299533039331436
06-juin-06;.4635854661464691
07-juin-06;.2533528208732605
08-juin-06;.0769762024283409
09-juin-06;.0029720366001129
12-juin-06;.2545323669910431
13-juin-06;-1.749214887619019
14-juin-06;-.7952149361371994
15-juin-06;.1587850153446198
16-juin-06;.1046407744288445
19-juin-06;-.0517871119081974
20-juin-06;-.1938395649194717
21-juin-06;.9592099785804749
22-juin-06;.8710977435112
23-juin-06;-.0742150023579597
26-juin-06;.6024259924888611
27-juin-06;.5413355827331543
28-juin-06;.8128858208656311
29-juin-06;-.2462149858474731
30-juin-06;.403451681137085
03-juil-06;1.242649078369141
04-juil-06;1.09941828250885
05-juil-06;.9818979501724243
06-juil-06;1.332345843315125
07-juil-06;.6889424920082092
10-juil-06;.8518118262290955
11-juil-06;2.982784986495972
12-juil-06;1.3475022315979
13-juil-06;1.150784969329834
14-juil-06;.4266108274459839
17-juil-06;.4266108274459839
18-juil-06;1.753084897994995
19-juil-06;1.833884954452515
20-juil-06;1.914685010910034
21-juil-06;1.911884903907776
24-juil-06;1.911884903907776
25-juil-06;1.286501616239548
26-juil-06;.6611183285713196
27-juil-06;-.0127149978652596
28-juil-06;.6140350103378296
31-juil-06;1.000676035881043
01aug2006;.0525517091155052
02aug2006;.3191393911838532
03aug2006;1.147479057312012
04aug2006;.2938008904457092
07aug2006;-.0357070490717888
08aug2006;.5165390111505985
09aug2006;1.068785071372986
10aug2006;.5208355188369751
11aug2006;.314285010099411
14aug2006;.3521721959114075
15aug2006;1.097784996032715
16aug2006;1.240284979343414
17aug2006;1.382784962654114
18aug2006;1.382784962654114
21aug2006;1.004785060882568
22aug2006;.5713599920272827
23aug2006;-.2807149887084961
24aug2006;.2537972927093506
25aug2006;.7883095741271973
28aug2006;1.322821855545044
29aug2006;-.45421501994133
30aug2006;1.496884942054749
31aug2006;.2186183333396912
01-sept-06;.3384511768817902
04-sept-06;.0322536192834377
05-sept-06;.8141350150108337
06-sept-06;.1487850099802017
07-sept-06;.6657850220799446
08-sept-06;1.182785034179688
11-sept-06;.6081982254981995
12-sept-06;-.4629798233509064
13-sept-06;-.0139270853251219
14-sept-06;-1.680215120315552
15-sept-06;-.4201012551784515
18-sept-06;-.4201012551784515
19-sept-06;-.389048308134079
20-sept-06;-.842940628528595
21-sept-06;-.4790320793787544
22-sept-06;-.115123530228928
25-sept-06;.2487850189208984
26-sept-06;.4935021996498108
27-sept-06;.8609849810600281
28-sept-06;1.337685108184815
29-sept-06;.7177850008010864
02-oct-06;.6788927316665649
03-oct-06;.8537850379943848
04-oct-06;.6201183199882507
05-oct-06;.8324281573295593
06-oct-06;.6191293597221375
09-oct-06;.9019572138786316
10-oct-06;1.382784962654114
11-oct-06;.8154516418774875
12-oct-06;.2481183211008755
13-oct-06;-.3192149996757507
16-oct-06;.1046683490276337
17-oct-06;1.063600420951843
18-oct-06;1.028784871101379
19-oct-06;1.504936575889587
20-oct-06;-1.816063404083252
23-oct-06;-.7126392126083374
24-oct-06;1.435936570167542
25-oct-06;.6378270983695984
26-oct-06;.4432850182056427
27-oct-06;.0123657751828432
30-oct-06;.1704087257385254
31-oct-06;1.18691086769104
01-nov-06;.2872432470321655
02-nov-06;.8752707242965698
03-nov-06;.1787835210561752
06-nov-06;-.1372157335281372
07-nov-06;.1767850071191788
08-nov-06;.5645022392272949
09-nov-06;1.166951656341553
10-nov-06;1.097473859786987
13-nov-06;.6940089464187622
14-nov-06;.6270593404769898
15-nov-06;1.262768864631653
16-nov-06;.4427850246429443
17-nov-06;.8109366297721863
20-nov-06;-.7644472122192383
21-nov-06;1.257284998893738
22-nov-06;-1.477715015411377
23-nov-06;-3.58421516418457
24-nov-06;-.1082149818539619
27-nov-06;-.0664389207959175
28-nov-06;.4300421476364136
29-nov-06;.9719399809837341
30-nov-06;.2154516726732254
01dec2006;.8291183114051819
04dec2006;.6488139629364014
05dec2006;.6447850465774536
06dec2006;.5820350050926209
07dec2006;.4422002136707306
08dec2006;.3614203631877899
11dec2006;1.012660026550293
12dec2006;.4156637489795685
13dec2006;.694355309009552
14dec2006;.8508902192115784
15dec2006;-.5054978132247925
18dec2006;-.5054978132247925
19dec2006;-.3017164207994938
20dec2006;-.0979350283741951
21dec2006;.2301485985517502
22dec2006;.5397850275039673
25dec2006;.4272850155830383
26dec2006;-.6801414489746094
27dec2006;1.309785008430481
28dec2006;1.129640817642212
29dec2006;.8211183547973633
01-janv-07;.6936436295509338
02-janv-07;.3532327017746866
03-janv-07;.0128217739984393
04-janv-07;1.80681836605072
05-janv-07;1.346778631210327
08-janv-07;.6223905682563782
09-janv-07;.2659465372562408
10-janv-07;.7257850170135498
11-janv-07;1.105535268783569
12-janv-07;.5784968733787537
15-janv-07;1.376641035079956
16-janv-07;-.9422149658203125
17-janv-07;.5918861031532288
18-janv-07;.6621688604354858
19-janv-07;.5765286684036255
22-janv-07;.2804068326950073
23-janv-07;-.2874040901660919
24-janv-07;-.8552150130271912
25-janv-07;.8292850255966187
26-janv-07;.7119553089141846
29-janv-07;.9367529153823853
30-janv-07;.8007787466049194
31-janv-07;.8213608264923096
01feb2007;-.2547149658203125
02feb2007;.0755527317523956
05feb2007;.0566688701510429
06feb2007;1.884336590766907
07feb2007;1.312235593795776
08feb2007;.6116805076599121
09feb2007;.3733949363231659
12feb2007;.7251216769218445
13feb2007;.1483926922082901
14feb2007;1.598284959793091
15feb2007;1.261946529150009
16feb2007;.9256080985069275
19feb2007;.9256080985069275
20feb2007;-.5102150440216065
21feb2007;2.451684951782227
22feb2007;-.3040633797645569
23feb2007;.3678271174430847
26feb2007;.3678271174430847
27feb2007;1.289451718330383
28feb2007;.0033256597816944
01-mars-07;.0291183274239302
02-mars-07;.9625100493431091
05-mars-07;.6005885601043701
06-mars-07;-.1193132102489471
07-mars-07;-.8392149806022644
08-mars-07;.6312661170959473
09-mars-07;.4274858236312866
12-mars-07;.1876263022422791
13-mars-07;.7235665917396545
14-mars-07;.3192850053310394
15-mars-07;.1742850095033646
16-mars-07;.168785035610199
19-mars-07;.168785035610199
20-mars-07;.0405246168375015
21-mars-07;-1.084714889526367
22-mars-07;-1.638215065002441
23-mars-07;1.755876421928406
26-mars-07;1.312580704689026
27-mars-07;.3488355278968811
28-mars-07;.7181183695793152
29-mars-07;.5600728988647461
30-mars-07;.1217850148677826
02apr2007;.2211141139268875
03apr2007;.5050246119499207
04apr2007;-.3682149946689606
05apr2007;-.1681392043828964
06apr2007;.5825245976448059
09apr2007;.5825245976448059
10apr2007;.2032850235700607
11apr2007;.5579907894134522
12apr2007;.196585014462471
13apr2007;.7946009635925293
16apr2007;.4615516066551209
17apr2007;.3897849917411804
18apr2007;1.082618355751038
19apr2007;.8320153951644898
20apr2007;.0322780907154083
23apr2007;.1759419292211533
24apr2007;1.150784969329834
25apr2007;1.996185064315796
26apr2007;.0637850090861321
27apr2007;-.2146391868591309
30apr2007;.3464844524860382
01may2007;.5147849917411804
02may2007;.2487193793058395
03may2007;.2087521925568581
04may2007;.1687850058078766
07may2007;.3257260322570801
08may2007;.3861850202083588
09may2007;.1168229132890701
10may2007;-.0256070513278246
11may2007;.42562136054039
14may2007;.4198774695396423
15may2007;.4862030148506165
16may2007;.5525285601615906
17may2007;1.526785016059876
18may2007;1.032229781150818
21may2007;1.493757367134094
22may2007;.2802850008010864
23may2007;-.3797149658203125
24may2007;.7338608503341675
25may2007;1.847436666488648
28may2007;1.847436666488648
29may2007;.4794516563415527
30may2007;.3696516752243042
31may2007;.3754850327968597
01-juin-07;1.989402294158936
04-juin-07;1.39751124382019
05-juin-07;-.0222149882465601
06-juin-07;.1968772113323212
07-juin-07;.1481503695249558
08-juin-07;.5645357966423035
11-juin-07;.7785719633102417
12-juin-07;.8689366579055786
13-juin-07;.8061487376689911
14-juin-07;.7433608174324036
15-juin-07;.9927599430084229
18-juin-07;.6962724924087524
19-juin-07;1.121785044670105
20-juin-07;-.4141846597194672
21-juin-07;1.942984938621521
22-juin-07;2.184885025024414
25-juin-07;2.184885025024414
26-juin-07;1.067235589027405
27-juin-07;-.0912149921059608
28-juin-07;.8257849812507629
29-juin-07;.8957849740982056
02-juil-07;.6997260451316834
03-juil-07;.6642850041389465
04-juil-07;.1888153105974197
05-juil-07;.5551435947418213
06-juil-07;.4910442531108856
09-juil-07;.4910442531108856
10-juil-07;.739942729473114
11-juil-07;.847572922706604
12-juil-07;.509560227394104
13-juil-07;.4705728888511658
16-juil-07;.5566553473472595
17-juil-07;.4722593724727631
18-juil-07;.7073608040809631
19-juil-07;.5871502757072449
20-juil-07;1.067264199256897
23-juil-07;.6875245571136475
24-juil-07;.8102805614471436
25-juil-07;.9330365657806397
26-juil-07;.1177850216627121
27-juil-07;-.3522149920463562
30-juil-07;.2887850105762482
31-juil-07;-.0406594276428223
01aug2007;-.3701038658618927
02aug2007;-.6995483040809631
03aug2007;.0955281481146812
06aug2007;-.3346339464187622
07aug2007;-.4708954294522627
08aug2007;-.6071569124857561
09aug2007;-.7434183955192566
10aug2007;-.3763143122196198
13aug2007;-1.08747398853302
14aug2007;-.2685292065143585
15aug2007;-.400714248418808
16aug2007;-1.15378475189209
17aug2007;-.5174149870872498
20aug2007;.1071022152900696
21aug2007;-.5604302287101746
22aug2007;-.5161644816398621
23aug2007;.3322487473487854
24aug2007;-.3479543626308441
27aug2007;-.8541142344474793
28aug2007;.0647935718297958
29aug2007;.1881688833236694
30aug2007;-.0658311247825623
31aug2007;-.9796392321586609
03-sept-07;-.884414553642273
04-sept-07;-.6286392211914063
05-sept-07;-.2005020678043366
06-sept-07;.404590517282486
07-sept-07;.1996064335107803
10-sept-07;.2829998433589935
11-sept-07;-.7502740025520325
12-sept-07;-.5120625495910645
13-sept-07;.265283077955246
14-sept-07;.2679818570613861
17-sept-07;-.0039468128234148
18-sept-07;-.0392149686813354
19-sept-07;-.1317647695541382
20-sept-07;-.0022146590054035
21-sept-07;-.6916149854660034
24-sept-07;-.7666594982147217
25-sept-07;-.7668133974075317
26-sept-07;-.5370811074972153
27-sept-07;-.3073488175868988
28-sept-07;.0123007977381349
01-oct-07;-.2192064225673676
02-oct-07;-.1936713755130768
03-oct-07;.3637172877788544
04-oct-07;.099852666258812
05-oct-07;-.3760146200656891
08-oct-07;.0402104109525681
09-oct-07;1.041857838630676
10-oct-07;.5771292448043823
11-oct-07;-.0662149861454964
12-oct-07;.5248355269432068
15-oct-07;.8431800603866577
16-oct-07;-.1554270684719086
17-oct-07;.0581435970962048
18-oct-07;.1398841198533773
19-oct-07;.2216246426105499
22-oct-07;.2216246426105499
23-oct-07;1.024785041809082
24-oct-07;.4578607976436615
25-oct-07;-.1381391882896423
26-oct-07;.0587850101292133
29-oct-07;.0572850108146667
30-oct-07;-.3862477838993073
31-oct-07;-.8297805786132813
01-nov-07;-.2465240210294724
02-nov-07;-.2786391973495483
05-nov-07;.1085286736488342
06-nov-07;-.916101336479187
07-nov-07;-1.227639198303223
08-nov-07;-.1114695072174072
09-nov-07;-.5205191373825073
12-nov-07;-.4506244361400604
13-nov-07;-.5450886487960815
14-nov-07;.5937694311141968
15-nov-07;.0411462038755417
16-nov-07;.0480729155242443
19-nov-07;.0693404898047447
20-nov-07;-1.065214991569519
21-nov-07;.5532850027084351
22-nov-07;.0724852383136749
23-nov-07;-.4083145260810852
26-nov-07;-.301193505525589
27-nov-07;-.1885838061571121
28-nov-07;-.4416002333164215
29-nov-07;.8229078054428101
30-nov-07;-.2411391586065292
03dec2007;.1870829313993454
04dec2007;.3728522062301636
05dec2007;-.5369846820831299
06dec2007;-.6945104598999023
07dec2007;-.6489413976669312
10dec2007;-.0214568637311459
11dec2007;.263694167137146
12dec2007;-.0520546697080135
13dec2007;-.5067421793937683
14dec2007;-.0781644508242607
17dec2007;.8052949905395508
18dec2007;-.150869607925415
19dec2007;.0408756211400032
20dec2007;-.1673872023820877
21dec2007;-.012351281940937
24dec2007;.4912451803684235
25dec2007;.5698089996973721
26dec2007;.6483728190263136
27dec2007;.7269366383552551
28dec2007;.6670361161231995
31dec2007;.9402574300765991
01-janv-08;-.2942149639129639
02-janv-08;-.2883891761302948
03-janv-08;.7898603677749634
04-janv-08;-.2873967289924622
07-janv-08;-.1494506746530533
08-janv-08;-.2602807283401489
09-janv-08;.181784987449646
10-janv-08;-.666684627532959
11-janv-08;-.9663954377174377
14-janv-08;-.6187923550605774
15-janv-08;.0109366150572896
16-janv-08;-.9645846486091614
17-janv-08;-1.411273717880249
18-janv-08;-.9645483493804932
21-janv-08;-.7065904140472412
22-janv-08;-1.043139934539795
23-janv-08;-.9246986508369446
24-janv-08;-1.174453377723694
25-janv-08;-.3297912776470184
28-janv-08;-.5422151684761047
29-janv-08;-.4467765390872955
30-janv-08;-.0206391848623753
31-janv-08;-1.045677065849304
01feb2008;-.864164412021637
04feb2008;-.4042688310146332
05feb2008;-.5891739130020142
06feb2008;-.1134827360510826
07feb2008;-.875454306602478
08feb2008;-1.332472681999207
11feb2008;.0515573136508465
12feb2008;-.9750634431838989
13feb2008;.4659366309642792
14feb2008;-.5921139121055603
15feb2008;-.8501392006874085
18feb2008;-.8501392006874085
19feb2008;-.2711770832538605
20feb2008;.3077850341796875
21feb2008;-.45421501994133
22feb2008;-1.354497790336609
25feb2008;-1.162068486213684
26feb2008;.7518607974052429
27feb2008;.1320153325796127
28feb2008;1.195793509483337
29feb2008;-.8604977130889893
03-mars-08;-.4600348770618439
04-mars-08;-.5437936782836914
05-mars-08;-.4442711770534515
06-mars-08;-.8762739896774292
07-mars-08;-.8204694986343384
10-mars-08;.624529242515564
11-mars-08;-.5100123286247253
12-mars-08;.5996753573417664
13-mars-08;.0655527487397194
14-mars-08;.1117746829986572
17-mars-08;-.101057268679142
18-mars-08;-.2038673758506775
19-mars-08;.5810912847518921
20-mars-08;-.1002149656414986
21-mars-08;.1233608201146126
24-mars-08;-.1180594637989998
25-mars-08;.5897850394248962
26-mars-08;-.0894314795732498
27-mars-08;.0839730650186539
28-mars-08;.52983558177948
31-mars-08;-.1841091066598892
01apr2008;-.0622137226164341
02apr2008;-1.436889290809631
03apr2008;-.1294282078742981
04apr2008;-.3409753739833832
07apr2008;.0238058976829052
08apr2008;-.4146391451358795
09apr2008;-.9065483808517456
10apr2008;-.7104640603065491
11apr2008;-.4122569262981415
14apr2008;-.5380955934524536
15apr2008;.6241099238395691
16apr2008;.395292729139328
17apr2008;-.4796686470508575
18apr2008;.4788608253002167
21apr2008;.5453228950500488
22apr2008;.232502207159996
23apr2008;.1528794914484024
24apr2008;-.2448888272047043
25apr2008;-.9895592927932739
28apr2008;-.6463871598243713
29apr2008;-.2149087339639664
30apr2008;-.6701391935348511
01may2008;-1.236214995384216
02may2008;.0291688740253448
05may2008;.1807237863540649
06may2008;-.3579752147197723
07may2008;-.5885230302810669
08may2008;-.0154868885874748
09may2008;-.2095893025398254
12may2008;-.2921895086765289
13may2008;.2567850053310394
14may2008;1.382784962654114
15may2008;-.1109800785779953
16may2008;-.0232234317809343
19may2008;-.0232234317809343
20may2008;.2990866899490356
21may2008;.0571108087897301
22may2008;-.1963020898401737
23may2008;-.4497149884700775
26may2008;.4276541173458099
27may2008;-.9203919172286987
28may2008;-.3283034563064575
29may2008;.1408355385065079
30may2008;-.540381669998169
02-juin-08;-.0942747741937637
03-juin-08;1.337858557701111
04-juin-08;.5386098623275757
05-juin-08;.3537580072879791
06-juin-08;-.1541177779436112
09-juin-08;-.6073930263519287
10-juin-08;.100893571972847
11-juin-08;.4692357480525971
12-juin-08;.0309928376227617
13-juin-08;1.113098621368408
16-juin-08;.2791524231433868
17-juin-08;.1681609600782394
18-juin-08;-.0724258944392204
19-juin-08;.4411718249320984
20-juin-08;-.1876662820577622
23-juin-08;-.2213148921728134
24-juin-08;-.1206791996955872
25-juin-08;.1638688892126083
26-juin-08;.2602362632751465
27-juin-08;-.1272149831056595
30-juin-08;.4202457964420319
01-juil-08;-.4396573603153229
02-juil-08;.0560648404061794
03-juil-08;-.4081827104091644
04-juil-08;.0605371259152889
07-juil-08;-.2189601063728333
08-juil-08;-.4299649894237518
09-juil-08;.2811688780784607
10-juil-08;.0248860884457827
11-juil-08;-1.164193034172058
14-juil-08;-1.164193034172058
15-juil-08;-.028639193624258
16-juil-08;-.8230633735656738
17-juil-08;1.981585144996643
18-juil-08;.5338355302810669
21-juil-08;.3641436100006104
22-juil-08;.5257850289344788
23-juil-08;.2487685233354569
24-juil-08;-.5674270987510681
25-juil-08;-1.392671346664429
28-juil-08;-.5548059940338135
29-juil-08;.2062774300575256
30-juil-08;.9673608541488648
31-juil-08;.0229154229164124
01aug2008;-1.008721947669983
04aug2008;-.9603018164634705
05aug2008;-.0369240231812
06aug2008;-.59516441822052
07aug2008;-.6391960382461548
08aug2008;-.3818991482257843
11aug2008;-.1265654861927033
12aug2008;.0748608261346817
13aug2008;-.5756391882896423
14aug2008;-1.574856400489807
15aug2008;-1.43010950088501
18aug2008;-.6117064952850342
19aug2008;.7816965579986572
20aug2008;2.928436517715454
21aug2008;-.9362149834632874
22aug2008;-.5280634164810181
25aug2008;-1.495639204978943
26aug2008;.0991183444857597
27aug2008;-.6347191333770752
28aug2008;-1.897447228431702
29aug2008;-.5841771364212036
01-sept-08;-.3030407130718231
02-sept-08;-.1972149759531021
03-sept-08;-.2914977967739105
04-sept-08;-.6062921285629273
05-sept-08;-.9024260640144348
08-sept-08;-.9648205637931824
09-sept-08;1.284460783004761
10-sept-08;-.3471644818782806
11-sept-08;-.8433765769004822
12-sept-08;-2.571780681610107
15-sept-08;-1.43792200088501
16-sept-08;-.2084830105304718
17-sept-08;.1549447476863861
18-sept-08;-.8697150349617004
19-sept-08;.779961109161377
22-sept-08;.779961109161377
23-sept-08;-2.031881809234619
24-sept-08;-.7958311438560486
25-sept-08;-.5410634279251099
26-sept-08;.2327850162982941
29-sept-08;-.6861939430236816
30-sept-08;-.5888801217079163
01-oct-08;-.2351543456315994
02-oct-08;-.7504508495330811
03-oct-08;-1.338596940040588
06-oct-08;-.9907641410827637
07-oct-08;-1.853391885757446
08-oct-08;-1.597718000411987
09-oct-08;-.5909124612808228
10-oct-08;.1379366219043732
13-oct-08;.4418159425258637
14-oct-08;1.033835887908936
15-oct-08;.6192253232002258
16-oct-08;.0386866219341755
17-oct-08;-.7495681047439575
20-oct-08;-.7495681047439575
21-oct-08;.1599366068840027
22-oct-08;.2567366063594818
23-oct-08;-.1016391888260841
24-oct-08;-.7319240570068359
27-oct-08;-1.27506947517395
28-oct-08;-1.071964502334595
29-oct-08;.809785008430481
30-oct-08;-.3767213225364685
31-oct-08;-.7782875299453735
03-nov-08;-.9975012540817261
04-nov-08;-.4272512495517731
05-nov-08;-.8084977865219116
06-nov-08;-.8956846594810486
07-nov-08;-1.195111274719238
10-nov-08;-.2552319169044495
11-nov-08;-.5781644582748413
12-nov-08;-.101827085018158
13-nov-08;-1.426548361778259
14-nov-08;-.8125543594360352
17-nov-08;-.4187464714050293
18-nov-08;-.7553967237472534
19-nov-08;-.9848311543464661
20-nov-08;-.8665827214717865
21-nov-08;-.7483342885971069
24-nov-08;-.9268361926078796
25-nov-08;-.3855846524238586
26-nov-08;-.5485193729400635
27-nov-08;-1.693639159202576
28-nov-08;-1.156088829040527
01dec2008;-1.097453713417053
02dec2008;-.6640861630439758
03dec2008;-.0992633774876595
04dec2008;-1.070156693458557
05dec2008;-.8466417789459229
08dec2008;-.5604283809661865
09dec2008;-1.192139148712158
10dec2008;-1.321287512779236
11dec2008;-.5660149455070496
12dec2008;-.4537075757980347
15dec2008;.0738041326403618
16dec2008;-.6350001096725464
17dec2008;-.4487543404102325
18dec2008;-1.372917890548706
19dec2008;-.1158512681722641
22dec2008;-.2015331238508225
23dec2008;-.690214991569519
24dec2008;-.6632149815559387
25dec2008;-.6362149715423584
26dec2008;-.6092149615287781
29dec2008;-.5822149515151978
30dec2008;-.2632150053977966
31dec2008;-.2205633968114853
01-janv-09;-.9929752945899963
02-janv-09;-.38813915848732
05-janv-09;.0589154362678528
06-janv-09;-.5155846476554871
07-janv-09;-.4588427841663361
08-janv-09;-.2454281747341156
09-janv-09;.1270729154348373
12-janv-09;-.784321129322052
13-janv-09;-.4870633482933044
14-janv-09;-.7138311266899109
15-janv-09;-1.390278339385986
16-janv-09;-1.154335260391235
19-janv-09;-1.01811146736145
20-janv-09;-2.128063440322876
21-janv-09;-.4126770794391632
22-janv-09;-.5291716456413269
23-janv-09;-.6504725217819214
26-janv-09;-.5327065587043762
27-janv-09;-.6831770539283752
28-janv-09;.472676008939743
29-janv-09;.3617850244045258
30-janv-09;-1.010307312011719
02feb2009;-.7420945167541504
03feb2009;-1.549214959144592
04feb2009;-.2293200641870499
05feb2009;-.3985543847084045
06feb2009;-.4854665994644165
09feb2009;-.3650907874107361
10feb2009;-.3361770808696747
11feb2009;-.1742641869932413
12feb2009;-.0123512931168079
13feb2009;.5696861147880554
16feb2009;-.3837785124778748
17feb2009;-.391803503036499
18feb2009;.1833984553813934
19feb2009;.7586004137992859
20feb2009;-1.106805801391602
23feb2009;-1.38351047039032
24feb2009;-.3723547160625458
25feb2009;-.6952149868011475
26feb2009;-.2562943398952484
27feb2009;-1.64415442943573
02-mars-09;-1.64415442943573
03-mars-09;-.4682149887084961
04-mars-09;-.6954416632652283
05-mars-09;-.6317052841186523
06-mars-09;-.9683941602706909
09-mars-09;-.1879680454730988
10-mars-09;-.1436644643545151
11-mars-09;-.910639226436615
12-mars-09;.5003033876419067
13-mars-09;-.2259697318077087
16-mars-09;-.55551677942276
17-mars-09;-.2522900812327862
18-mars-09;.0509366169571877
19-mars-09;-.461831122636795
20-mars-09;-.1157300546765328
23-mars-09;.084157407283783
24-mars-09;-1.261671304702759
25-mars-09;-.7755396366119385
26-mars-09;-.1095388978719711
27-mars-09;-.3318426311016083
30-mars-09;-.5474058389663696
31-mars-09;-1.588523983955383
01apr2009;-.2519400119781494
02apr2009;-.1892336010932922
03apr2009;-.2441272437572479
06apr2009;-.2988377511501312
07apr2009;.347822904586792
08apr2009;-1.241769313812256
09apr2009;.2697077989578247
10apr2009;1.781184911727905
13apr2009;.8647246360778809
14apr2009;.5969365835189819
15apr2009;.7483979463577271
16apr2009;-.3043967187404633
17apr2009;.0011732860002667
20apr2009;-1.109647154808044
21apr2009;.3228608071804047
22apr2009;.1540274918079376
23apr2009;.2655543486277168
24apr2009;.3770812054475101
27apr2009;.4886080622673035
28apr2009;-1.026063323020935
29apr2009;-.5023240447044373
30apr2009;-.6200888156890869
01may2009;-2.088063478469849
04may2009;-.8552055954933167
05may2009;-.5641834139823914
06may2009;.1718861013650894
07may2009;.2641383409500122
08may2009;.2521495819091797
11may2009;.2521495819091797
12may2009;1.15921950340271
13may2009;1.435936570167542
14may2009;-.4974977672100067
15may2009;-.3181771039962769
18may2009;.4153039455413818
19may2009;.025321776047349
20may2009;-.1029466046020389
21may2009;-.2312149852514267
22may2009;.2403607815504074
25may2009;-.2164271175861359
26may2009;1.718786597251892
27may2009;-.8016391396522522
28may2009;.4695022106170654
29may2009;-.0268311239778996
01-juin-09;-.8374472856521606
02-juin-09;-.7635483145713806
03-juin-09;-.3470815718173981
04-juin-09;-.5682645440101624
05-juin-09;.1478283554315567
08-juin-09;.1478283554315567
09-juin-09;.0118370056152344
10-juin-09;-.124154344201088
11-juin-09;-.5998891592025757
12-juin-09;-1.244552075862885
15-juin-09;-1.889214992523193
16-juin-09;.2863987386226654
17-juin-09;.1811107993125916
18-juin-09;.4749366044998169
19-juin-09;-.3201644718647003
22-juin-09;-.3234018087387085
23-juin-09;-.7545259594917297
24-juin-09;.2138283103704453
25-juin-09;.829889714717865
26-juin-09;.0958860591053963
29-juin-09;-.2232087105512619
30-juin-09;-.0651846751570702
01-juil-09;-1.662063360214233
02-juil-09;-.4451391696929932
03-juil-09;-.5208176374435425
06-juil-09;-1.118016242980957
07-juil-09;-.2375633418560028
08-juil-09;-.4882149994373322
09-juil-09;.1213159561157227
10-juil-09;-.1100633889436722
13-juil-09;-.1100633889436722
14-juil-09;.0114937629550695
15-juil-09;-.4470633864402771
16-juil-09;-.3640633821487427
17-juil-09;.891219437122345
20-juil-09;.4884137809276581
21-juil-09;-.1212149858474731
22-juil-09;.1164366155862808
23-juil-09;.0058860828479084
24-juil-09;-.1046644498904499
27-juil-09;-.2152149826288223
28-juil-09;-.7821392416954041
29-juil-09;-.5604472756385803
30-juil-09;-.2831012904644013
31-juil-09;-1.826164484024048
03aug2009;-.5508142709732056
04aug2009;.4259366095066071
05aug2009;.7084659487009049
06aug2009;.9909952878952026
07aug2009;.8514907360076904
10aug2009;.2519634366035461
11aug2009;.5296211640039701
12aug2009;.8072788914044509
13aug2009;1.084936618804932
14aug2009;.0061927130445838
17aug2009;.0061927130445838
18aug2009;.1334366202354431
19aug2009;-.5114753842353821
20aug2009;.5893229246139526
21aug2009;.1355014890432358
24aug2009;.0094764437526464
25aug2009;2.178186655044556
26aug2009;1.392119407653809
27aug2009;-1.124715089797974
28aug2009;-.611288845539093
31aug2009;-.5898404121398926
01-sept-09;1.582385063171387
02-sept-09;.5584366321563721
03-sept-09;-.0338816568255425
04-sept-09;.1522655189037323
07-sept-09;.1045252680778503
08-sept-09;-.4305634200572968
09-sept-09;.7077850103378296
10-sept-09;-.1012149825692177
11-sept-09;.219360813498497
14-sept-09;.3020274639129639
15-sept-09;-.4007200400034208
16-sept-09;-1.103467543919805
17-sept-09;-1.806215047836304
18-sept-09;.0290745869278908
21-sept-09;.0290745869278908
22-sept-09;-3.045063495635986
23-sept-09;.2852850258350372
24-sept-09;.8617516756057739
25-sept-09;.6523063182830811
28-sept-09;-.0789164304733276
29-sept-09;.5903979539871216
30-sept-09;.7857153415679932
01-oct-09;1.167475342750549
02-oct-09;-.0765483155846596
05-oct-09;-.3658816814422607
06-oct-09;-.4243240356445313
07-oct-09;.487480640411377
08-oct-09;.623906672000885
09-oct-09;.829951822757721
12-oct-09;.472868412733078
13-oct-09;-.4722149968147278
14-oct-09;.8814366459846497
15-oct-09;-.0754977762699127
16-oct-09;.3242027461528778
19-oct-09;.1739054173231125
20-oct-09;-.1152149736881256
21-oct-09;.4753791391849518
22-oct-09;.3693608045578003
23-oct-09;.1790188699960709
26-oct-09;.1790188699960709
27-oct-09;1.03828501701355
28-oct-09;-.0710193961858749
29-oct-09;.6178607940673828
30-oct-09;.5359365940093994
02-nov-09;.0218608193099499
03-nov-09;.1547850072383881
04-nov-09;1.187436699867249
05-nov-09;.6134574413299561
06-nov-09;.7586179971694946
09-nov-09;.7586179971694946
10-nov-09;-.5440633893013001
11-nov-09;-1.310678243637085
12-nov-09;.8370866179466248
13-nov-09;.4043608009815216
16-nov-09;-.1449270844459534
17-nov-09;.2605729103088379
18-nov-09;-.4352495670318604
19-nov-09;-.0380633845925331
20-nov-09;.0279553178697824
23-nov-09;.0257266517728567
24-nov-09;-.4485141038894653
25-nov-09;.6277062892913818
26-nov-09;.1061108186841011
27-nov-09;-1.860563516616821
30-nov-09;-.9166222810745239
01dec2009;-.3862367793917656
02dec2009;.1441487222909927
03dec2009;.0364643633365631
04dec2009;.8264584541320801
07dec2009;.8264584541320801
08dec2009;-1.893427014350891
09dec2009;-1.598639249801636
10dec2009;-.210921972990036
11dec2009;-.457497775554657
14dec2009;-.1031188666820526
15dec2009;-.4899472594261169
16dec2009;.0281356908380985
17dec2009;-.5321240425109863
18dec2009;-1.733497738838196
21dec2009;-1.319818496704102
22dec2009;-.2742149829864502
23dec2009;-.3627149760723114
24dec2009;-.4512149691581726
25dec2009;.0057850082715163
28dec2009;.462784985701262
29dec2009;.9197849631309509
30dec2009;-1.920139074325562
31dec2009;-.2706024348735809
01-janv-10;-.3243089318275452
04-janv-10;-.3780154287815094
05-janv-10;-.4317219257354736
06-janv-10;-.0051394170150161
07-janv-10;-.1166782006621361
08-janv-10;.8727366328239441
11-janv-10;.9566723108291626
12-janv-10;-.1654418706893921
13-janv-10;-.0521024242043495
14-janv-10;-.4964265525341034
15-janv-10;-.8326899409294128
18-janv-10;-.2347656339406967
19-janv-10;-.2720936834812164
20-janv-10;-.3134472370147705
21-janv-10;-.704889178276062
22-janv-10;-1.268063426017761
25-janv-10;-.1517276763916016
26-janv-10;.7691441774368286
27-janv-10;.1983108222484589
28-janv-10;.1381527334451675
29-janv-10;-.3252687752246857
01feb2010;.0616055279970169
02feb2010;1.100936651229858
03feb2010;-.7090633511543274
04feb2010;-1.216533184051514
05feb2010;-1.549817085266113
08feb2010;-1.157990694046021
09feb2010;-.1371543407440186
10feb2010;-.631767213344574
11feb2010;-.4263866543769836
12feb2010;.2204108089208603
15feb2010;-.2932572662830353
16feb2010;-1.022751212120056
17feb2010;-.125270813703537
18feb2010;1.507784962654114
19feb2010;-.7637149691581726
22feb2010;-.9457234144210815
23feb2010;-1.128063321113586
24feb2010;.1818355470895767
25feb2010;-.7265573143959045
26feb2010;.2691927254199982
01-mars-10;-.5853366255760193
02-mars-10;.1353987157344818
03-mars-10;.0467850118875504
04-mars-10;-.1378471106290817
05-mars-10;-.0754256471991539
08-mars-10;.3560144305229187
09-mars-10;-.2106391787528992
10-mars-10;.0008983265724964
11-mars-10;.0968355536460876
12-mars-10;-.7741392254829407
15-mars-10;.1007344350218773
16-mars-10;.4494366347789764
17-mars-10;-.7011139392852783
18-mars-10;.0688228979706764
19-mars-10;-.6784271001815796
22-mars-10;-.7152842879295349
23-mars-10;.0195144787430763
24-mars-10;-1.138354420661926
25-mars-10;.1705088168382645
26-mars-10;.0548707023262978
29-mars-10;-.1859692186117172
30-mars-10;.6597849726676941
31-mars-10;-.0737149715423584
01apr2010;.0836456567049026
02apr2010;.413615919649601
05apr2010;.7435861825942993
06apr2010;.1884734928607941
07apr2010;-.3666391968727112
08apr2010;-1.070117831230164
09apr2010;-.3045691549777985
12apr2010;-.234615832567215
13apr2010;-.7446391582489014
14apr2010;-.0167805813252926
15apr2010;-.2332137376070023
16apr2010;-1.566243886947632
19apr2010;-.8291516304016113
20apr2010;.8689366579055786
21apr2010;2.337986707687378
22apr2010;-1.190139174461365
23apr2010;.0412850119173527
26apr2010;.3096683323383331
27apr2010;-.6293736696243286
28apr2010;-1.182932734489441
29apr2010;-.8489319086074829
30apr2010;-1.367408633232117
03may2010;-.7321105003356934
04may2010;-.8754316568374634
05may2010;-1.191673398017883
06may2010;-.7043157815933228
07may2010;-1.272463440895081
10may2010;-.9712780117988586
11may2010;-.1734742969274521
12may2010;-.2611625194549561
13may2010;.3904244303703308
14may2010;-.3405031859874725
17may2010;-.2496780604124069
18may2010;-.3836489319801331
19may2010;-.5204391479492188
20may2010;-.3991761803627014
21may2010;-.5046208500862122
24may2010;-.300083190202713
25may2010;-.563831090927124
26may2010;-.0827999860048294
27may2010;-.4145593047142029
28may2010;-.1298707723617554
31may2010;.1790700256824493
01-juin-10;-.8613856434822083
02-juin-10;-.6688891649246216
03-juin-10;-.2060792446136475
04-juin-10;-.3303990662097931
07-juin-10;-.2542683184146881
08-juin-10;-1.808759212493897
09-juin-10;-.4109846353530884
10-juin-10;.1163749471306801
11-juin-10;.0381695181131363
14-juin-10;-.4326824545860291
15-juin-10;-.3450437784194946
16-juin-10;-.1428736299276352
17-juin-10;-.629164457321167
18-juin-10;-.5882704854011536
21-juin-10;.0305339228361845
22-juin-10;-1.10595428943634
23-juin-10;-.9208816289901733
24-juin-10;.330895334482193
25-juin-10;-1.417677044868469
28-juin-10;-1.417677044868469
29-juin-10;-.2835740447044373
30-juin-10;-.6042435169219971
01-juil-10;-.3890903890132904
02-juil-10;-.2982149720191956
05-juil-10;.0990246161818504
06-juil-10;-1.085055232048035
07-juil-10;.4202941358089447
08-juil-10;.4693608283996582
09-juil-10;-.5185697078704834
12-juil-10;-.2300108373165131
13-juil-10;-.1282149851322174
14-juil-10;-.7936834096908569
15-juil-10;-2.011671304702759
16-juil-10;-.283447265625
19-juil-10;-.6015915274620056
20-juil-10;-.2220633924007416
21-juil-10;-1.405178189277649
22-juil-10;-.0223058275878429
23-juil-10;.042830016463995
26-juil-10;.3417190611362457
27-juil-10;-1.064891219139099
28-juil-10;-.5508310794830322
29-juil-10;.5012912750244141
30-juil-10;.4658860564231873
02aug2010;.4539970755577087
03aug2010;-.172739177942276
04aug2010;.841136634349823
05aug2010;-.2344725131988525
06aug2010;-.1027367636561394
09aug2010;.3372635841369629
10aug2010;1.17293655872345
11aug2010;-.6753919124603272
12aug2010;-1.249004721641541
13aug2010;-.554104745388031
16aug2010;-.1483535915613174
17aug2010;-.4574472606182098
18aug2010;.4172355830669403
19aug2010;.2418600767850876
20aug2010;-.4510193467140198
23aug2010;-.3776203393936157
24aug2010;-.9266391396522522
25aug2010;-.0820633843541145
26aug2010;-.48414146900177
27aug2010;-.287214994430542
30aug2010;-.3863216042518616
31aug2010;-.2930193841457367
01-sept-10;.4974366128444672
02-sept-10;-.3251044452190399
03-sept-10;.0511417239904404
06-sept-10;.0647027716040611
07-sept-10;.6460612416267395
08-sept-10;-1.718831062316895
09-sept-10;-.3450850546360016
10-sept-10;-.8307290077209473
13-sept-10;-.8360530138015747
14-sept-10;-1.41788911819458
15-sept-10;.8914118409156799
16-sept-10;-.157870814204216
17-sept-10;.5121979812781774
20-sept-10;1.182266776760457
21-sept-10;1.852335572242737
22-sept-10;1.074539422988892
23-sept-10;.2967432737350464
24-sept-10;-.4810528755187988
27-sept-10;-.7050580978393555
28-sept-10;-.164448007941246
29-sept-10;-.0471846684813499
30-sept-10;.0565521605312824
01-oct-10;.9742021560668945
04-oct-10;.6439051032066345
05-oct-10;-.3569725155830383
06-oct-10;.068219393491745
07-oct-10;1.382784962654114
08-oct-10;.0427378416061401
11-oct-10;.5519591569900513
12-oct-10;-.2746012508869171
13-oct-10;.2432378679513931
14-oct-10;.401835560798645
15-oct-10;-.150145560503006
18-oct-10;1.108692049980164
19-oct-10;.7528159618377686
20-oct-10;.5256941318511963
21-oct-10;-.5936012864112854
22-oct-10;-.91655433177948
25-oct-10;-.4473088383674622
26-oct-10;-1.029975295066834
27-oct-10;-.7880633473396301
28-oct-10;.0004366505891085
29-oct-10;.0158355738967657
01-nov-10;-.5994213223457336
02-nov-10;.3085912764072418
03-nov-10;-.0608891993761063
04-nov-10;-.0288891717791557
05-nov-10;-.3145142793655396
08-nov-10;-.3145142793655396
09-nov-10;-.954417884349823
10-nov-10;-2.561714887619019
11-nov-10;.3458107709884644
12-nov-10;-.2614896297454834
15-nov-10;-.0302876029163599
16-nov-10;-.1605706065893173
17-nov-10;-.1099282503128052
18-nov-10;.1266657263040543
19-nov-10;-.6814846992492676
22-nov-10;-.6067439913749695
23-nov-10;-.6842150092124939
24-nov-10;-.0776022002100945
25-nov-10;-.3727149665355682
26-nov-10;-.2349827438592911
29-nov-10;-.3927615880966187
30-nov-10;-.7215813994407654
01dec2010;-.5056297779083252
02dec2010;.7515771985054016
03dec2010;.1128697171807289
06dec2010;-.0083405673503876
07dec2010;-.5176770687103272
08dec2010;-.7520371675491333
09dec2010;-.4319649636745453
10dec2010;-1.369364619255066
13dec2010;-1.061022400856018
14dec2010;.0496527403593063
15dec2010;-.5170927047729492
16dec2010;-.7948150038719177
17dec2010;-.5907264351844788
20dec2010;-.5773104429244995
21dec2010;-1.485179424285889
22dec2010;-1.308063387870789
23dec2010;-.0696713849902153
24dec2010;-.3351139426231384
27dec2010;-.1880029439926148
28dec2010;.3972194194793701
29dec2010;-.1891269534826279
30dec2010;.7415648698806763
31dec2010;-1.633214950561523
03-janv-11;-1.633214950561523
04-janv-11;-.4652149975299835
05-janv-11;-.0411391668021679
06-janv-11;.1067981813102961
07-janv-11;.25473552942276
10-janv-11;-.2114105969667435
11-janv-11;-.625309944152832
12-janv-11;-.0716928541660309
13-janv-11;.7387179732322693
14-janv-11;-.2213200032711029
17-janv-11;.2020471096038818
18-janv-11;.6397011876106262
19-janv-11;.5838527679443359
20-janv-11;-.5596392154693604
21-janv-11;.1069366112351418
24-janv-11;.4123531877994537
25-janv-11;.7190253734588623
26-janv-11;1.136569976806641
27-janv-11;-.311460942029953
28-janv-11;-.4487243890762329
31-janv-11;.003889560000971
01feb2011;.4467547833919525
02feb2011;.0008397425408475
03feb2011;.7532132863998413
04feb2011;-.1559207290410996
07feb2011;.3600631952285767
08feb2011;-.8411644101142883
09feb2011;.0665140524506569
10feb2011;.5700278282165527
11feb2011;.1013874784111977
14feb2011;-.1048918142914772
15feb2011;.3790831565856934
16feb2011;.3457112312316895
17feb2011;.4436392784118652
18feb2011;-.1950179636478424
21feb2011;-.0604116544127464
22feb2011;-.4412823915481567
23feb2011;-.4364479184150696
24feb2011;-.4258174896240234
25feb2011;.5996885895729065
28feb2011;.2156726270914078
01-mars-11;.0819113329052925
02-mars-11;.289336085319519
03-mars-11;.2148654013872147
04-mars-11;.3385176956653595
07-mars-11;.0538248382508755
08-mars-11;.4462056756019592
09-mars-11;.2539469301700592
10-mars-11;-.4549495875835419
11-mars-11;-.3200663328170776
14-mars-11;.2296510189771652
15-mars-11;-.3424602448940277
16-mars-11;.1248510554432869
17-mars-11;.3189170956611633
18-mars-11;-.4521012902259827
21-mars-11;-.4521012902259827
22-mars-11;-.027527118101716
23-mars-11;-.8001139163970947
24-mars-11;.2825527489185333
25-mars-11;-.8612837791442871
28-mars-11;-.4226616621017456
29-mars-11;.439836323261261
30-mars-11;.5201607942581177
31-mars-11;-.1637699604034424
01apr2011;-.2991300225257874
04apr2011;-.1937312632799149
05apr2011;.6399824023246765
06apr2011;.3476091027259827
07apr2011;.0992582067847252
08apr2011;-.1119014248251915
11apr2011;.1420030295848846
12apr2011;-.1262165307998657
13apr2011;-.8637805581092835
14apr2011;.0471487194299698
15apr2011;.1163730770349503
18apr2011;.3883589208126068
19apr2011;-.2557805478572846
20apr2011;.0418456457555294
21apr2011;.9310774803161621
22apr2011;.257968008518219
25apr2011;-.4151414632797241
26apr2011;.7903608679771423
27apr2011;-.0962997153401375
28apr2011;.0738523826003075
29apr2011;.4796478748321533
02may2011;.1129464209079742
03may2011;-.0449573360383511
04may2011;.1711581200361252
05may2011;-.6117031574249268
06may2011;-.4254520833492279
09may2011;.245723620057106
10may2011;-1.476681709289551
11may2011;-1.092746615409851
12may2011;.1706233322620392
13may2011;.1768806278705597
16may2011;-.0470530465245247
17may2011;-.1143931299448013
18may2011;.7320849895477295
19may2011;-1.300271272659302
20may2011;-.4411257803440094
23may2011;-1.132776856422424
24may2011;-1.867960214614868
25may2011;-.3035920560359955
26may2011;-.3730384409427643
27may2011;-.6195670366287231
30may2011;-.642617404460907
31may2011;-.4302937090396881
01-juin-11;-.3372037410736084
02-juin-11;-.6564977765083313
03-juin-11;-.3272619247436523
06-juin-11;-.087386853992939
07-juin-11;-.6208842396736145
08-juin-11;-.0953694880008698
09-juin-11;.1506423801183701
10-juin-11;-.5081921219825745
13-juin-11;-.7095842361450195
14-juin-11;-.5502966642379761
15-juin-11;-.4185318052768707
16-juin-11;-.9829966425895691
17-juin-11;-.742963969707489
20-juin-11;.1831127405166626
21-juin-11;-.5918441414833069
22-juin-11;-1.093696594238281
23-juin-11;-1.234901785850525
24-juin-11;-.7656581401824951
27-juin-11;-.1370895355939865
28-juin-11;-.5164860486984253
29-juin-11;-.1712017208337784
30-juin-11;-.1472712159156799
01-juil-11;.127952054142952
04-juil-11;.2804422080516815
05-juil-11;-.9692993760108948
06-juil-11;-1.081797361373901
07-juil-11;-.9825436472892761
08-juil-11;-.3618651628494263
11-juil-11;-.5457513332366943
12-juil-11;-.6976742148399353
13-juil-11;-.7916900515556335
14-juil-11;-.2881864607334137
15-juil-11;-.4651012718677521
18-juil-11;-.9690662622451782
19-juil-11;-.7116150259971619
20-juil-11;-.1694320887327194
21-juil-11;-.3677070736885071
22-juil-11;-.5393916964530945
25-juil-11;-.4726133346557617
26-juil-11;-.1863093227148056
27-juil-11;.0718975439667702
28-juil-11;-.6984472870826721
29-juil-11;-1.524114012718201
01aug2011;-1.524114012718201
02aug2011;-1.1065593957901
03aug2011;-1.011831164360046
04aug2011;-.4263581335544586
05aug2011;-.6986470222473145
08aug2011;-.6309705376625061
09aug2011;-.1522931903600693
10aug2011;-.2697743773460388
11aug2011;.1659219861030579
12aug2011;-.4628704488277435
15aug2011;-.4257042407989502
16aug2011;-.0076426258310676
17aug2011;-.4132866263389587
18aug2011;.0401061028242111
19aug2011;-.7574064135551453
22aug2011;-.9794516563415527
23aug2011;-.9253693819046021
24aug2011;-.7321138978004456
25aug2011;-.4364179074764252
26aug2011;-.2810633778572083
29aug2011;-.4016233682632446
30aug2011;-.8745321035385132
31aug2011;-.6505030989646912
01-sept-11;-1.127648949623108
02-sept-11;-1.09382164478302
05-sept-11;-.7402658462524414
06-sept-11;-.7135185599327087
07-sept-11;-.5408801436424255
08-sept-11;-.7750967741012573
09-sept-11;-.7020877003669739
12-sept-11;-.7703820466995239
13-sept-11;-1.201416492462158
14-sept-11;-.9308111667633057
15-sept-11;-.3823742270469666
16-sept-11;-.954088032245636
19-sept-11;-.6951305270195007
20-sept-11;-.7149112820625305
21-sept-11;-.8075063824653626
22-sept-11;-1.472271919250488
23-sept-11;-.6718176007270813
26-sept-11;-.5056777000427246
27-sept-11;.018710857257247
28-sept-11;-.4231840968132019
29-sept-11;-.107431560754776
30-sept-11;-.4769681096076965
03-oct-11;-.6453830003738403
04-oct-11;-.7857438921928406
05-oct-11;-.7910698652267456
06-oct-11;-.4485554099082947
07-oct-11;.3024688363075256
10-oct-11;-.3994999825954437
11-oct-11;.4559935033321381
12-oct-11;-.5672501921653748
13-oct-11;.0241110175848007
14-oct-11;-.2308046966791153
17-oct-11;-.9209834933280945
18-oct-11;-.4959303140640259
19-oct-11;-.0708771347999573
20-oct-11;.0024483613669872
21-oct-11;.1186217218637466
24-oct-11;-.2597598731517792
25-oct-11;-.6962224245071411
26-oct-11;-.6756047606468201
27-oct-11;-.2384064495563507
28-oct-11;-.2320340573787689
31-oct-11;-.2445960938930512
01-nov-11;-.2822105884552002
02-nov-11;-.4439234137535095
03-nov-11;-.5693238973617554
04-nov-11;-.5008227825164795
07-nov-11;-.2739471793174744
08-nov-11;-.1958979368209839
09-nov-11;-.2246027141809464
10-nov-11;-.3689682185649872
11-nov-11;-.1189614087343216
14-nov-11;-.2545263767242432
15-nov-11;-.1590270847082138
16-nov-11;-.2550830543041229
17-nov-11;-.3838430047035217
18-nov-11;.133330300450325
21-nov-11;-.1068653389811516
22-nov-11;-.3118113279342651
23-nov-11;-.8247108459472656
24-nov-11;-.3205718398094177
25-nov-11;-.1631748974323273
28-nov-11;-.0465370826423168
29-nov-11;-.6121832132339478
30-nov-11;-.4640353322029114
01dec2011;-.1607856154441834
02dec2011;.0610802844166756
05dec2011;.0621144659817219
06dec2011;-.162800744175911
07dec2011;-.0542681440711021
08dec2011;.0190583281219006
09dec2011;-.030179176479578
12dec2011;-.2647368609905243
13dec2011;-.2131300568580627
14dec2011;.2533299624919891
15dec2011;.0598174706101418
16dec2011;-.5190600156784058
19dec2011;-.4639493227005005
20dec2011;.1458850502967835
21dec2011;.275324821472168
22dec2011;.2094224542379379
23dec2011;.3257495760917664
26dec2011;-.0831858515739441
27dec2011;.1052699536085129
28dec2011;.2578832507133484
29dec2011;.159213662147522
30dec2011;.197107344865799
02-janv-12;.4153720140457153
03-janv-12;-.1620233803987503
04-janv-12;.3436381816864014
05-janv-12;-.2677077054977417
06-janv-12;-.3540740013122559
09-janv-12;.0263003166764975
10-janv-12;-.4552512466907501
11-janv-12;-.4403104484081268
12-janv-12;.1546495705842972
13-janv-12;-.0650263056159019
16-janv-12;-.5451067090034485
17-janv-12;-.6160954236984253
18-janv-12;-.4192114770412445
19-janv-12;.4711911976337433
20-janv-12;.4360733032226563
23-janv-12;.1134574413299561
24-janv-12;-.2778912782669067
25-janv-12;-.0963577628135681
26-janv-12;.8069258332252502
27-janv-12;-.2799598574638367
30-janv-12;.1285048723220825
31-janv-12;-.3398581445217133
01feb2012;-.2318108975887299
02feb2012;-.0448700301349163
03feb2012;-.2296887338161469
06feb2012;-.0990506112575531
07feb2012;-.3930913805961609
08feb2012;.4222323596477509
09feb2012;-.0102507248520851
10feb2012;-.0352068617939949
13feb2012;-.7486059069633484
14feb2012;.0190405808389187
15feb2012;-.0795569121837616
16feb2012;-.3258391916751862
17feb2012;-.7807638645172119
20feb2012;-.4178838729858398
21feb2012;-.1947046965360642
22feb2012;-.3572554886341095
23feb2012;.0234110783785582
24feb2012;.380217581987381
27feb2012;.1517576575279236
28feb2012;.304202139377594
29feb2012;.7254887223243713
01-mars-12;.7429713010787964
02-mars-12;.3308345377445221
05-mars-12;-.0285502672195435
06-mars-12;-1.727911233901978
07-mars-12;-.6444642543792725
08-mars-12;-.1300388127565384
09-mars-12;.1234483867883682
12-mars-12;.5150218009948731
13-mars-12;-.178251251578331
14-mars-12;-.1163396537303925
15-mars-12;.0841536000370979
16-mars-12;-2.099388599395752
19-mars-12;-.2182866632938385
20-mars-12;.8401860594749451
21-mars-12;.0308499820530415
22-mars-12;-.5224703550338745
23-mars-12;.1210521757602692
26-mars-12;-.5475645065307617
27-mars-12;.0063685402274132
28-mars-12;-.0087242173030972
29-mars-12;.1268003880977631
30-mars-12;-.0390645451843739
02apr2012;.3708332180976868
03apr2012;-.2250281870365143
04apr2012;-.3132340013980866
05apr2012;-.2557551562786102
06apr2012;-.1138512939214706
09apr2012;-.0115685779601336
10apr2012;-.7090232968330383
11apr2012;-.2821484208106995
12apr2012;.38715660572052
13apr2012;-.2226664870977402
16apr2012;.1273205429315567
17apr2012;.4752169251441956
18apr2012;.0431200563907623
19apr2012;-.338202029466629
20apr2012;-.6907976865768433
23apr2012;-.9597769975662231
24apr2012;-.1738470494747162
25apr2012;.2447689175605774
26apr2012;-.4707126319408417
27apr2012;-.5837872624397278
30apr2012;-.4698516726493835
01may2012;-.3350004255771637
02may2012;-.3770003318786621
03may2012;-.3514922261238098
04may2012;.0235614124685526
07may2012;-.183395266532898
08may2012;.1119714453816414
09may2012;-.8924741148948669
10may2012;-.4235095381736755
11may2012;-.2427578866481781
14may2012;-.4312528669834137
15may2012;-.7377936244010925
16may2012;-.2542586922645569
17may2012;-.5815825462341309
18may2012;-.6994673609733582
21may2012;-.6651138067245483
22may2012;-.4832060635089874
23may2012;-.5138663053512573
24may2012;-.6469174027442932
25may2012;-.5127034187316895
28may2012;-.0285245571285486
29may2012;-.1749470829963684
30may2012;-.2302525341510773
31may2012;-.5435596704483032
01-juin-12;-.5666544437408447
04-juin-12;-.5512131452560425
05-juin-12;-.0865387991070747
06-juin-12;.0874627530574799
07-juin-12;.2403332591056824
08-juin-12;.0849392637610435
11-juin-12;-.7622700929641724
12-juin-12;-.080420047044754
13-juin-12;-.1904777586460114
14-juin-12;-.312427282333374
15-juin-12;-.1491985321044922
18-juin-12;-.3677755296230316
19-juin-12;-.3052141666412354
20-juin-12;.2706609666347504
21-juin-12;-.0548397898674011
22-juin-12;-.5453723669052124
25-juin-12;-.2335167676210403
26-juin-12;.3721157908439636
27-juin-12;.3954148292541504
28-juin-12;.0336196050047874
29-juin-12;.355006068944931
02-juil-12;-.1722494065761566
03-juil-12;-.4997786283493042
04-juil-12;-.5181505084037781
05-juil-12;-.0938733145594597
06-juil-12;-.1568266004323959
09-juil-12;.219158947467804
10-juil-12;-.6450805068016052
11-juil-12;-.5427262783050537
12-juil-12;-.3931241035461426
13-juil-12;-.3895414769649506
16-juil-12;.1167508885264397
17-juil-12;-1.033493757247925
18-juil-12;.2874839603900909
19-juil-12;-.3803474307060242
20-juil-12;-.7893648147583008
23-juil-12;-.6081735491752625
24-juil-12;-.4002441763877869
25-juil-12;-.5298318862915039
26-juil-12;.1213359981775284
27-juil-12;.5756540298461914
30-juil-12;.0888569578528404
31-juil-12;.072293221950531
01aug2012;.0864320173859596
02aug2012;.2914530336856842
03aug2012;-.0213518645614386
06aug2012;-.0140431961044669
07aug2012;.1476964503526688
08aug2012;.200262576341629
09aug2012;-.3420504033565521
10aug2012;-.0083195017650723
13aug2012;.1556363254785538
14aug2012;-.0991047024726868
15aug2012;.5073586702346802
16aug2012;.0348759479820728
17aug2012;.5405130386352539
20aug2012;.1859638392925263
21aug2012;.5403411984443665
22aug2012;.9193896055221558
23aug2012;.1099584996700287
24aug2012;-.0619901977479458
27aug2012;.3740887045860291
28aug2012;-.1070047467947006
29aug2012;.3921401798725128
30aug2012;.4394634664058685
31aug2012;.389761358499527
03-sept-12;.1816000044345856
04-sept-12;.0097358617931604
05-sept-12;-.0578637532889843
06-sept-12;.16884545981884
07-sept-12;.5014869570732117
10-sept-12;.4456809163093567
11-sept-12;-.0043181362561882
12-sept-12;-.0721955075860024
13-sept-12;.4595068693161011
14-sept-12;.4518716931343079
17-sept-12;.0789261385798454
18-sept-12;-.0096846139058471
19-sept-12;.5225425362586975
20-sept-12;-.1503924429416657
21-sept-12;.1724900156259537
24-sept-12;-.0247026681900024
25-sept-12;-.2945546507835388
26-sept-12;-.350665271282196
27-sept-12;-.57280033826828
28-sept-12;-.0737825632095337
01-oct-12;.0197948534041643
02-oct-12;-.3788884580135346
03-oct-12;-.0601390898227692
04-oct-12;.0188046004623175
05-oct-12;.2576263248920441
08-oct-12;.6421355605125427
09-oct-12;.0158572476357222
10-oct-12;-.087592214345932
11-oct-12;-.0903350412845612
12-oct-12;-.4792050421237946
15-oct-12;-.2709565758705139
16-oct-12;.0730681717395782
17-oct-12;-.3015996515750885
18-oct-12;.2585703134536743
19-oct-12;.0429684333503246
22-oct-12;.2801137566566467
23-oct-12;.1120983958244324
24-oct-12;-.1739935874938965
25-oct-12;-.2698248326778412
26-oct-12;.0633047744631767
29-oct-12;.0630911365151405
30-oct-12;.0148087162524462
31-oct-12;-.6081202626228333
01-nov-12;-.1541457623243332
02-nov-12;-.8252635598182678
05-nov-12;-.5569681525230408
06-nov-12;-.5768293142318726
07-nov-12;-.8127896785736084
08-nov-12;-.6968677639961243
09-nov-12;-.4247017204761505
12-nov-12;-.5416619777679443
13-nov-12;-.5954937338829041
14-nov-12;.2749517560005188
15-nov-12;-.1326306909322739
16-nov-12;-.7817693948745728
19-nov-12;-.9967485666275024
20-nov-12;.2065553516149521
21-nov-12;-.0961904898285866
22-nov-12;1.382784962654114
23-nov-12;.3939154446125031
26-nov-12;-.1673894375562668
27-nov-12;.184938982129097
28-nov-12;.9410279989242554
29-nov-12;-.3714976906776428
30-nov-12;-.2840971946716309
03dec2012;-.6334567666053772
04dec2012;-.1447401940822601
05dec2012;-.778439998626709
06dec2012;-.6498835682868958
07dec2012;-.3995453417301178
10dec2012;-.4304806590080261
11dec2012;.1355139315128326
12dec2012;.0539699792861938
13dec2012;.1276161819696426
14dec2012;.5067200660705566
17dec2012;.5368613600730896
18dec2012;-.1495492458343506
19dec2012;.2699111700057983
20dec2012;.3684022426605225
21dec2012;.3715146481990814
24dec2012;.0901498347520828
25dec2012;-.2059760193030797
26dec2012;-.5021018733581286
27dec2012;-.7982277274131775
28dec2012;-.2494472563266754
31dec2012;.352229654788971
01-janv-13;.1447306275367737
02-janv-13;.6159952878952026
03-janv-13;.1293286383152008
04-janv-13;.0784906819462776
07-janv-13;.3144955635070801
08-janv-13;-.0787230432033539
09-janv-13;.1468077450990677
10-janv-13;.8748931884765625
11-janv-13;1.058380007743835
14-janv-13;.4630338847637177
15-janv-13;.9409099817276001
16-janv-13;-.2047606259584427
17-janv-13;.1791236996650696
18-janv-13;-.2453093230724335
21-janv-13;-.0008415353368036
22-janv-13;-.001747059286572
23-janv-13;.0749716907739639
24-janv-13;.3722357451915741
25-janv-13;.9164804816246033
28-janv-13;.6840904951095581
29-janv-13;-.5241369009017944
30-janv-13;.0355780050158501
31-janv-13;-.1476511955261231
01feb2013;.383890688419342
04feb2013;-.1243104562163353
05feb2013;-.103385254740715
06feb2013;-.1738073080778122
07feb2013;-.5555060505867004
08feb2013;-.0484369099140167
11feb2013;.2076556235551834
12feb2013;.3282406032085419
13feb2013;-1.056623220443726
14feb2013;-.3234753906726837
15feb2013;.5425011515617371
18feb2013;.4844991862773895
19feb2013;-.411339670419693
20feb2013;-.109721451997757
21feb2013;.2155850231647492
22feb2013;-.0012949381489307
25feb2013;-.1903748065233231
26feb2013;-.3090693950653076
27feb2013;-.3283863365650177
28feb2013;-.231749564409256
01-mars-13;-.1305030435323715
04-mars-13;.2264709919691086
05-mars-13;-.6347742080688477
06-mars-13;-.2508353590965271
07-mars-13;.2707794606685638
08-mars-13;.2366531938314438
11-mars-13;.2975889444351196
12-mars-13;-.1337912678718567
13-mars-13;.1959236115217209
14-mars-13;-.7420470714569092
15-mars-13;-.1675633788108826
18-mars-13;-.4629991948604584
19-mars-13;-1.14657735824585
20-mars-13;-.5467804074287415
21-mars-13;-.735396146774292
22-mars-13;-.9774913191795349
25-mars-13;-.5535477995872498
26-mars-13;-.547806978225708
27-mars-13;.6888866424560547
28-mars-13;-.5260066986083984
29-mars-13;-.108602412045002
01apr2013;.0537614971399307
02apr2013;-1.384909510612488
03apr2013;-1.281293630599976
04apr2013;-.5387042164802551
05apr2013;-.3303196728229523
08apr2013;.0609826520085335
09apr2013;-.0748311132192612
10apr2013;.823167085647583
11apr2013;-.8578937649726868
12apr2013;-.3783852159976959
15apr2013;-.908748984336853
16apr2013;.1776110678911209
17apr2013;-1.247117161750794
18apr2013;-1.238014221191406
19apr2013;.0351548232138157
22apr2013;-.4956893026828766
23apr2013;-.894795835018158
24apr2013;-.4199281930923462
25apr2013;-.1204343289136887
26apr2013;-.6474409699440002
29apr2013;-.6493369936943054
30apr2013;-.6781540513038635
01may2013;-.9635753035545349
02may2013;-.4672056436538696
03may2013;.0924034416675568
06may2013;-.0469468869268894
07may2013;.3826070129871368
08may2013;-.5521910786628723
09may2013;-.642139196395874
10may2013;1.177070617675781
13may2013;.8390215039253235
14may2013;-.8037805557250977
15may2013;-.2107164412736893
16may2013;-.3164793252944946
17may2013;.1729259788990021
20may2013;-.3781445026397705
21may2013;1.080772399902344
22may2013;.4158585369586945
23may2013;.1210306286811829
24may2013;-.0160938948392868
27may2013;.6468114256858826
28may2013;.7586004137992859
29may2013;-.8935915231704712
30may2013;-.3326468765735626
31may2013;-.1514888256788254
03-juin-13;-.6511942744255066
04-juin-13;.0536609552800655
05-juin-13;.1949184536933899
06-juin-13;.0579758211970329
07-juin-13;-.3503142893314362
10-juin-13;-.0881007239222527
11-juin-13;-.6111956238746643
12-juin-13;-.2050493806600571
13-juin-13;.0284937676042318
14-juin-13;.1970245987176895
17-juin-13;.1181927025318146
18-juin-13;.4701184630393982
19-juin-13;.2646108269691467
20-juin-13;-.5722149610519409
21-juin-13;-1.196422696113586
24-juin-13;-1.196422696113586
25-juin-13;-.5265299677848816
26-juin-13;.3759222328662872
27-juin-13;.0959897264838219
28-juin-13;-.1261543333530426
01-juil-13;.1416270434856415
02-juil-13;-.2419750839471817
03-juil-13;-.6030288338661194
04-juil-13;.3163416981697083
05-juil-13;.3153684437274933
08-juil-13;.2719658315181732
09-juil-13;-.1472860276699066
10-juil-13;-.6384602785110474
11-juil-13;-.3459570109844208
12-juil-13;-.3792150020599365
15-juil-13;-.6894270777702332
16-juil-13;-.3838731944561005
17-juil-13;.0918608158826828
18-juil-13;.8466677069664002
19-juil-13;.8787933588027954
22-juil-13;-.1197254061698914
23-juil-13;-1.689063429832459
24-juil-13;.4479805827140808
25-juil-13;.5721604228019714
26-juil-13;.3046866059303284
29-juil-13;-.3301440179347992
30-juil-13;.074328638613224
31-juil-13;-.2486713975667954
01aug2013;.8655616044998169
02aug2013;1.01218581199646
05aug2013;1.01218581199646
06aug2013;.154336616396904
07aug2013;.7954366207122803
08aug2013;-.3817563951015472
09aug2013;.1045143157243729
12aug2013;.590785026550293
13aug2013;1.17293655872345
14aug2013;.4827850162982941
15aug2013;-.1600633859634399
16aug2013;1.382784962654114
19aug2013;-.3746071457862854
20aug2013;.5019366145133972
21aug2013;-.3565633893013001
22aug2013;.9535306096076965
23aug2013;1.280600428581238
26aug2013;.4605291485786438
27aug2013;.5483217239379883
28aug2013;-1.141671419143677
29aug2013;1.046024680137634
30aug2013;-.6328995227813721
02-sept-13;-.2991335391998291
03-sept-13;.0263768415898085
04-sept-13;1.14043140411377
05-sept-13;1.076300740242004
06-sept-13;.9622539281845093
09-sept-13;.0541492663323879
10-sept-13;.8988608717918396
11-sept-13;-.2181783020496368
12-sept-13;.8786574006080627
13-sept-13;.7790603637695313
16-sept-13;.0595679730176926
17-sept-13;.4024291336536408
18-sept-13;-.4870634078979492
19-sept-13;.5219366550445557
20-sept-13;.5188975334167481
23-sept-13;.5188975334167481
24-sept-13;.0868524461984634
25-sept-13;-.0857357680797577
26-sept-13;-.1085633859038353
27-sept-13;.0203624852001667
30-sept-13;.1492883563041687
01-oct-13;-1.356602430343628
02-oct-13;.0870556533336639
03-oct-13;.4072459042072296
04-oct-13;1.244736671447754
07-oct-13;1.244736671447754
08-oct-13;-.2907357513904572
09-oct-13;-.3747633695602417
10-oct-13;-.0044936616905034
11-oct-13;.5954990386962891
14-oct-13;-.1367744207382202
15-oct-13;-.063063383102417
16-oct-13;-.1737114787101746
17-oct-13;.6183286309242249
18-oct-13;.0602489113807678
21-oct-13;-.4978308081626892
22-oct-13;.25566765666008
23-oct-13;.4416113793849945
24-oct-13;-.4542128145694733
25-oct-13;.5447124838829041
28-oct-13;.0844987332820892
29-oct-13;-.305936872959137
30-oct-13;-.0067543429322541
31-oct-13;-.3975832462310791
01-nov-13;-.2409588247537613
04-nov-13;-.0205244682729244
05-nov-13;-.1899887472391129
06-nov-13;.3202520906925201
07-nov-13;.0528042912483215
08-nov-13;.0317642614245415
11-nov-13;-.316500335931778
12-nov-13;-.5009714961051941
13-nov-13;-.3158890306949616
14-nov-13;-.6865088939666748
15-nov-13;.0889212489128113
18-nov-13;-.1053093820810318
19-nov-13;.568533182144165
20-nov-13;-.1109838113188744
21-nov-13;.0980613380670547
22-nov-13;-.3213846385478973
25-nov-13;-.3057748675346375
26-nov-13;.2321601212024689
27-nov-13;-.2391391843557358
28-nov-13;.4656140804290772
29-nov-13;-.0111353322863579
02dec2013;.3393857181072235
03dec2013;.1455022096633911
04dec2013;-.033584576100111
05dec2013;.0853935107588768
06dec2013;.7813745141029358
09dec2013;1.084987640380859
10dec2013;.1671866029500961
11dec2013;.8226020932197571
12dec2013;-1.052063345909119
13dec2013;.5983545184135437
16dec2013;.2002629041671753
17dec2013;-.4724806547164917
18dec2013;-1.124743103981018
19dec2013;-.6063978672027588
20dec2013;-.1110633686184883
23dec2013;-.8095633387565613
24dec2013;-.9821414947509766
25dec2013;-.2229386270046234
26dec2013;.5362642407417297
27dec2013;1.654236555099487
30dec2013;.5487448573112488
31dec2013;.1609366089105606
01-janv-14;.6258959174156189
02-janv-14;-1.448351383209229
03-janv-14;-.8845239877700806
06-janv-14;-.4815815985202789
07-janv-14;.341633677482605
08-janv-14;-.4362929165363312
09-janv-14;.1599589288234711
10-janv-14;.2725898623466492
13-janv-14;.6205305457115173
14-janv-14;1.011433124542236
15-janv-14;1.127877235412598
16-janv-14;-.0781208574771881
17-janv-14;-.5850573182106018
20-janv-14;-.5314373373985291
21-janv-14;-.1096663996577263
22-janv-14;.0296537335962057
23-janv-14;-.145954355597496
24-janv-14;-.0857233330607414
27-janv-14;-.2089743465185165
28-janv-14;.3631609380245209
29-janv-14;1.163354277610779
30-janv-14;.327436625957489
31-janv-14;-.0430365838110447
03feb2014;-.4104638397693634
04feb2014;-.107063390314579
05feb2014;-.1906746327877045
06feb2014;-.0133588798344135
07feb2014;-.219560980796814
10feb2014;-.1444218754768372
11feb2014;-.1922693848609924
12feb2014;.41079181432724
13feb2014;.3068181574344635
14feb2014;.6091718077659607
17feb2014;.3948521912097931
18feb2014;.3721727430820465
19feb2014;.5496487021446228
20feb2014;.2777543067932129
21feb2014;.3332799822092056
24feb2014;.3888056576251984
25feb2014;-.4425193667411804
26feb2014;.461898684501648
27feb2014;-.0254273060709238
28feb2014;-.1313542425632477
03-mars-14;-1.009670972824097
04-mars-14;.156685471534729
05-mars-14;.6172041893005371
06-mars-14;.8007543087005615
07-mars-14;1.020390868186951
10-mars-14;.7615750432014465
11-mars-14;-.0910840108990669
12-mars-14;-.0873728469014168
13-mars-14;.5683614611625671
14-mars-14;.2256360650062561
17-mars-14;.1946171075105667
18-mars-14;.498566597700119
19-mars-14;-.569422721862793
20-mars-14;-.2005633860826492
21-mars-14;-.5292208194732666
24-mars-14;-.6097648143768311
25-mars-14;.2584535479545593
26-mars-14;.2344824820756912
27-mars-14;-.1268426477909088
28-mars-14;-.67793869972229
31-mars-14;-.1988193094730377
01apr2014;-.3186416029930115
02apr2014;.2609501481056213
03apr2014;.1937114000320435
04apr2014;.6857854723930359
07apr2014;.3287675678730011
08apr2014;.4488291740417481
09apr2014;.7913365960121155
10apr2014;.1080457717180252
11apr2014;.3878906965255737
14apr2014;.576602041721344
15apr2014;.5522294640541077
16apr2014;-.3149396181106567
17apr2014;.5868887305259705
18apr2014;.7400246560573578
21apr2014;.8931605815887451
22apr2014;.1314095258712769
23apr2014;.3795115053653717
24apr2014;.2239110469818115
25apr2014;.0442276634275913
28apr2014;.3751110434532166
29apr2014;.1336292624473572
30apr2014;.3770501911640167
01may2014;-.0761774554848671
02may2014;.0708608105778694
05may2014;.0604502260684967
06may2014;.1486260741949081
07may2014;.5749611258506775
08may2014;.2029932737350464
09may2014;-.1244235336780548
12may2014;-.0699907690286636
13may2014;.3379441797733307
14may2014;.1962737143039703
15may2014;-.1571625173091888
16may2014;-.0096768466755748
19may2014;-.3541420698165894
20may2014;-.8998954892158508
21may2014;-.3735193610191345
22may2014;.2236487120389938
23may2014;.6233729124069214
26may2014;.7474479079246521
27may2014;.1897199749946594
28may2014;.3202468752861023
29may2014;-.2626293003559113
30may2014;.4321471452713013
02-juin-14;.1619298905134201
03-juin-14;-.3655957877635956
04-juin-14;.1059845760464668
05-juin-14;.2746319770812988
06-juin-14;.6419122815132141
09-juin-14;.5150624513626099
10-juin-14;.9462531805038452
11-juin-14;.5427890419960022
12-juin-14;.2996356785297394
13-juin-14;.0929513722658157
16-juin-14;.4005104899406433
17-juin-14;-.8030633330345154
18-juin-14;.417822927236557
19-juin-14;-.6923967599868774
20-juin-14;-.1604227423667908
23-juin-14;.5217410326004028
24-juin-14;-.1093076393008232
25-juin-14;.2331428527832031
26-juin-14;-.7793891429901123
27-juin-14;.6469365954399109
30-juin-14;.0094422688707709
01-juil-14;.3992578089237213
02-juil-14;.5536720156669617
03-juil-14;.5793260335922241
04-juil-14;.0667830258607864
07-juil-14;.4350676536560059
08-juil-14;.0813791677355766
09-juil-14;-.7437543272972107
10-juil-14;.0714857578277588
11-juil-14;-.0945633947849274
14-juil-14;-.6212813854217529
15-juil-14;-1.016076803207398
16-juil-14;.3363607823848724
17-juil-14;-.2045511305332184
18-juil-14;.6858355402946472
21-juil-14;.0153377884998918
22-juil-14;.5596487522125244
23-juil-14;.1005987375974655
24-juil-14;-.5277512669563294
25-juil-14;.0749366134405136
28-juil-14;-.7063026428222656
29-juil-14;-.1321032047271729
30-juil-14;-.1033170372247696
31-juil-14;.0706896558403969
01aug2014;.1504366099834442
04aug2014;-.070171982049942
05aug2014;1.435936570167542
06aug2014;-.5865240693092346
07aug2014;-.0774417892098427
08aug2014;-.5611407160758972
11aug2014;.5521522164344788
12aug2014;.5057849884033203
13aug2014;-.6681044697761536
14aug2014;-.6041101813316345
15aug2014;-.640692949295044
18aug2014;-.0110100973397493
19aug2014;.3271656632423401
20aug2014;-.564553439617157
21aug2014;.1653190404176712
22aug2014;.1398562043905258
25aug2014;-.1059872657060623
26aug2014;.6419536471366882
27aug2014;.5467897653579712
28aug2014;.2793305218219757
29aug2014;.1139804273843765
01-sept-14;.0869764164090157
02-sept-14;.071828618645668
03-sept-14;.2502376139163971
04-sept-14;.0276291444897652
05-sept-14;.1227913573384285
08-sept-14;.1947152614593506
09-sept-14;.2948383688926697
10-sept-14;.3110608160495758
11-sept-14;.3683860898017883
12-sept-14;.2476964592933655
15-sept-14;.5343784093856812
16-sept-14;-.6479396224021912
17-sept-14;.0411707051098347
18-sept-14;.0887916013598442
19-sept-14;-.1098871603608131
22-sept-14;.4374828338623047
23-sept-14;-.3019459843635559
24-sept-14;-.1665804982185364
25-sept-14;-.1350813955068588
26-sept-14;.8073323369026184
29-sept-14;.4705034196376801
30-sept-14;-.0391210354864597
01-oct-14;-.1553857922554016
02-oct-14;-.4386454820632935
03-oct-14;-.0798592194914818
06-oct-14;.1559880971908569
07-oct-14;-.2878058552742004
08-oct-14;-.8537468314170837
09-oct-14;-.0226121973246336
10-oct-14;-.1740777790546417
13-oct-14;-.521973729133606
14-oct-14;.0473777018487453
15-oct-14;-.1840291023254395
16-oct-14;-.6315327882766724
17-oct-14;-.1222016960382462
20-oct-14;-.0896857678890228
21-oct-14;.1179303526878357
22-oct-14;.6888237595558167
23-oct-14;-.1008035987615585
24-oct-14;-.4355543255805969
27-oct-14;-.7721648812294006
28-oct-14;-.0914682671427727
29-oct-14;.2958860695362091
30-oct-14;-.4271095991134644
31-oct-14;.2994552850723267
03-nov-14;-.006140501704067
04-nov-14;-.4080850481987
05-nov-14;-.2454661577939987
06-nov-14;.3668161630630493
07-nov-14;.6856610178947449
10-nov-14;.084316611289978
11-nov-14;.4072850048542023
12-nov-14;.5086311101913452
13-nov-14;.0849718078970909
14-nov-14;-.014010151848197
17-nov-14;-.1750757992267609
18-nov-14;.6811797022819519
19-nov-14;.2675527334213257
20-nov-14;-.5057371854782105
21-nov-14;.7927535176277161
24-nov-14;.6077226400375366
25-nov-14;.4709419310092926
26-nov-14;.3125184774398804
27-nov-14;.057842880487442
28-nov-14;.3093359172344208
01dec2014;.2324820309877396
02dec2014;-.1099997758865356
03dec2014;.9837520122528076
04dec2014;.5618662834167481
05dec2014;.4020900428295136
08dec2014;.3543989360332489
09dec2014;.6085274815559387
10dec2014;.1102138534188271
11dec2014;.3728557527065277
12dec2014;.3975984752178192
15dec2014;-.049431137740612
16dec2014;-.0207512471824884
17dec2014;-.7021110653877258
18dec2014;.301572322845459
19dec2014;-.1399205178022385
22dec2014;.0366444773972034
23dec2014;.6033608317375183
24dec2014;.8120006918907166
25dec2014;.7679365873336792
26dec2014;.7190695405006409
29dec2014;.6702024936676025
30dec2014;-.5472790002822876
31dec2014;-.1368811577558518
01-janv-15;.0936670899391174
02-janv-15;.2197965681552887
05-janv-15;.5338250398635864
06-janv-15;-.3027757704257965
07-janv-15;.3214864432811737
08-janv-15;.3661596477031708
09-janv-15;.1961780488491058
12-janv-15;.0028419853188097
13-janv-15;-.2921633422374725
14-janv-15;.377372145652771
15-janv-15;.0030082832090557
16-janv-15;.1612012088298798
19-janv-15;.051388330757618
20-janv-15;.110955536365509
21-janv-15;.5914995670318604
22-janv-15;.5285045504570007
23-janv-15;.5612114667892456
26-janv-15;.7734578251838684
27-janv-15;1.015730023384094
28-janv-15;.1757402718067169
29-janv-15;-.0066908244043589
30-janv-15;.3256081938743591
02feb2015;-.075385682284832
03feb2015;-.0607477910816669
04feb2015;.0083271320909262
05feb2015;-.1785780489444733
06feb2015;-.1808116137981415
09feb2015;-.6575855612754822
10feb2015;.2389013767242432
11feb2015;.1618355214595795
12feb2015;.09503573179245
13feb2015;-.1523217111825943
16feb2015;.0680334940552711
17feb2015;-.0591468811035156
18feb2015;.3322514295578003
19feb2015;-.385661780834198
20feb2015;.2495273053646088
23feb2015;.5430874228477478
24feb2015;-.7464978098869324
25feb2015;-.3309093117713928
26feb2015;.5192452073097229
27feb2015;.7158730626106262
02-mars-15;.28336101770401
03-mars-15;1.062898755073547
04-mars-15;.9334456324577332
05-mars-15;1.151968359947205
06-mars-15;.8155713677406311
09-mars-15;.618634819984436
10-mars-15;.8739242553710938
11-mars-15;.3827642798423767
12-mars-15;.1901004761457443
13-mars-15;.6540429592132568
16-mars-15;.7516893744468689
17-mars-15;.6086691021919251
18-mars-15;-.4838757216930389
19-mars-15;-.4729054272174835
20-mars-15;1.0790194272995
23-mars-15;.5333901643753052
24-mars-15;.6812505722045898
25-mars-15;.0043480144813657
26-mars-15;.6372961401939392
27-mars-15;.7987866401672363
30-mars-15;-.1294654607772827
31-mars-15;.0034087523818016
01apr2015;.0900812521576881
02apr2015;.9107130765914917
03apr2015;.572468638420105
06apr2015;.5721268057823181
07apr2015;.580766499042511
08apr2015;-.3591966032981873
09apr2015;.9446021318435669
10apr2015;.3929414749145508
13apr2015;.0602791830897331
14apr2015;.5937113165855408
15apr2015;.8156127333641052
16apr2015;.1388648599386215
17apr2015;.3300437033176422
20apr2015;-.0588116012513638
21apr2015;-.5026585459709168
22apr2015;-.2020321786403656
23apr2015;-.5463926792144775
24apr2015;-.4771269261837006
27apr2015;-.2710610330104828
28apr2015;.0399692542850971
29apr2015;.4529154300689697
30apr2015;-.124174103140831
01may2015;-.2117433398962021
04may2015;.4269273579120636
05may2015;.367368221282959
06may2015;.2896900177001953
07may2015;-.1242823749780655
08may2015;-.2988995611667633
11may2015;-1.18205738067627
12may2015;.7320603132247925
13may2015;.6239659786224365
14may2015;.2280167490243912
15may2015;.4363156855106354
18may2015;.3360435962677002
19may2015;.7707796692848206
20may2015;.1057417020201683
21may2015;-.3230141997337341
22may2015;.1774935722351074
25may2015;-.0299948174506426
26may2015;.0449366122484207
27may2015;-.1549093425273895
28may2015;-.0588663145899773
29may2015;-.0096208127215505
01-juin-15;1.188582062721252
02-juin-15;.0558231957256794
03-juin-15;.7677586674690247
04-juin-15;.4405179917812347
05-juin-15;-.144595205783844
08-juin-15;-.6668417453765869
09-juin-15;.7111421227455139
10-juin-15;.035783477127552
11-juin-15;-.1519069075584412
12-juin-15;-.351233720779419
15-juin-15;.2046879827976227
16-juin-15;-.5386469960212708
17-juin-15;-.4457299113273621
18-juin-15;-.4858122766017914
19-juin-15;-.1722912788391113
22-juin-15;-.1251747757196426
23-juin-15;.0116927083581686
24-juin-15;-.0664977878332138
25-juin-15;-.0953390449285507
26-juin-15;-.2064139097929001
29-juin-15;-.3529686331748962
30-juin-15;-.327162504196167
01-juil-15;-.2550166845321655
02-juil-15;.0390837714076042
03-juil-15;.200896754860878
06-juil-15;-.3853384256362915
07-juil-15;-.2282518595457077
08-juil-15;-.4260689616203308
09-juil-15;-.4902762472629547
10-juil-15;.0252644680440426
13-juil-15;-.3188768625259399
14-juil-15;-.4348889887332916
15-juil-15;-.5304465889930725
16-juil-15;.2816708385944367
17-juil-15;-.0773244798183441
20-juil-15;.0083879651501775
21-juil-15;.3311291933059692
22-juil-15;-2.347063541412354
23-juil-15;1.300264239311218
24-juil-15;-.3279191553592682
27-juil-15;-.222377821803093
28-juil-15;.325749009847641
29-juil-15;-.1708585023880005
30-juil-15;-.4510388672351837
31-juil-15;.3094170987606049
03aug2015;-.1547911018133164
04aug2015;.0787940248847008
05aug2015;.3123791515827179
06aug2015;-.0943420976400375
07aug2015;-.501063346862793
10aug2015;-.2279472500085831
11aug2015;.4089579880237579
12aug2015;-.5471403002738953
13aug2015;.3015022277832031
14aug2015;.3408681154251099
17aug2015;.3642511665821075
18aug2015;.3705527782440186
19aug2015;.7363607883453369
20aug2015;-.2438311278820038
21aug2015;-.4021402895450592
24aug2015;-.7176018357276917
25aug2015;.2423136979341507
26aug2015;-.4664270579814911
27aug2015;-.0983380600810051
28aug2015;-.3153072893619537
31aug2015;.5552473664283752
01-sept-15;-.1982883363962174
02-sept-15;.5163240432739258
03-sept-15;.2087071090936661
04-sept-15;.1683554947376251
07-sept-15;.3773161768913269
08-sept-15;.4841611683368683
09-sept-15;-.3136456906795502
10-sept-15;-.4717300236225128
11-sept-15;-.4150633811950684
14-sept-15;.2227987200021744
15-sept-15;.405877023935318
16-sept-15;.0323378331959248
17-sept-15;1.160536766052246
18-sept-15;-.0602336935698986
21-sept-15;.2996626198291779
22-sept-15;-.0504618398845196
23-sept-15;.4623759388923645
24-sept-15;-.910558819770813
25-sept-15;-.6486151069402695
28-sept-15;-.386671394109726
29-sept-15;-.9625633955001831
30-sept-15;.3296682238578796
01-oct-15;-.1093145310878754
02-oct-15;.6172860264778137
05-oct-15;-.9482248425483704
06-oct-15;-.2627149820327759
07-oct-15;-.6587372422218323
08-oct-15;.0112853664904833
09-oct-15;-.2826771140098572
12-oct-15;-.2402064353227615
13-oct-15;-.4309228137135506
14-oct-15;-.6216391921043396
15-oct-15;.5242699384689331
16-oct-15;.2600022256374359
19-oct-15;-.2700069546699524
20-oct-15;.0013498076004907
21-oct-15;.3510156273841858
22-oct-15;.3472932279109955
23-oct-15;.4040133357048035
26-oct-15;.3145765960216522
27-oct-15;-.2679422199726105
28-oct-15;.8237956762313843
29-oct-15;.1733396351337433
30-oct-15;.2784382402896881
02-nov-15;-.2203305065631867
03-nov-15;.7636065483093262
04-nov-15;.6547793745994568
05-nov-15;.3296824991703033
06-nov-15;.2051941305398941
09-nov-15;.0988481715321541
10-nov-15;.5453002452850342
11-nov-15;.2483336329460144
12-nov-15;.3514525890350342
13-nov-15;-.2692311406135559
16-nov-15;.0217338129878044
17-nov-15;-.5902705788612366
18-nov-15;-.1411770731210709
19-nov-15;.017027486115694
20-nov-15;.7895843386650085
23-nov-15;.5310625433921814
24-nov-15;.6696517467498779
25-nov-15;-1.110103130340576
26-nov-15;-.327435314655304
27-nov-15;.7304651141166687
30-nov-15;.2995849847793579
01dec2015;.2008748054504395
02dec2015;.1005871444940567
03dec2015;.1068856716156006
04dec2015;.4554497599601746
07dec2015;.4646532237529755
08dec2015;-.128989040851593
09dec2015;.5779440999031067
10dec2015;.2592759728431702
11dec2015;.8661693930625916
14dec2015;.8015850782394409
15dec2015;.2017413377761841
16dec2015;-.3981024026870728
17dec2015;.4031139314174652
18dec2015;1.040436625480652
21dec2015;.7942186594009399
22dec2015;.7404686212539673
23dec2015;.6090699434280396
24dec2015;.3675255005557574
25dec2015;.1259810576835889
28dec2015;-.1155633851885796
29dec2015;1.366300702095032
30dec2015;.6319866180419922
31dec2015;.3689366281032562
01-janv-16;-.1603891998529434
04-janv-16;-.6897150278091431
05-janv-16;-.09571822732687
06-janv-16;.1473336219787598
07-janv-16;.3792653977870941
08-janv-16;-.2247805744409561
11-janv-16;.0167298428714275
12-janv-16;-.2018891721963882
13-janv-16;-.030392412096262
14-janv-16;-.1575101464986801
15-janv-16;-.6431391835212708
18-janv-16;-.3316966593265533
19-janv-16;-1.414588689804077
20-janv-16;.2011063098907471
21-janv-16;-.2112483829259872
22-janv-16;.2624281942844391
25-janv-16;-.118063747882843
26-janv-16;-.1507859379053116
27-janv-16;-1.318838119506836
28-janv-16;-.7993530631065369
29-janv-16;-.1051067113876343
01feb2016;-.0525119602680206
02feb2016;.5521366596221924
03feb2016;.0348608158528805
04feb2016;-.0889098942279816
05feb2016;-.1404542773962021
08feb2016;.2271104604005814
09feb2016;-.6288058757781982
10feb2016;-.5626208782196045
11feb2016;-.104705736041069
12feb2016;-.2870335876941681
15feb2016;-.3870501518249512
16feb2016;.282928079366684
17feb2016;-.5051543712615967
18feb2016;-.8413020372390747
19feb2016;-.332149863243103
22feb2016;.0608976073563099
23feb2016;-.4419638216495514
24feb2016;-.8393892049789429
25feb2016;-.7428311109542847
26feb2016;-.2437300533056259
29feb2016;-.2844837605953217
01-mars-16;-.0146953798830509
02-mars-16;.1266507506370544
03-mars-16;-.0183673873543739
04-mars-16;-.2045391798019409
07-mars-16;-.2429231554269791
08-mars-16;-.385035514831543
09-mars-16;.191900759935379
10-mars-16;-.0202212445437908
11-mars-16;.4722461104393005
14-mars-16;.501808226108551
15-mars-16;.3530570864677429
16-mars-16;.9684810638427734
17-mars-16;.1955872476100922
18-mars-16;-.3837659657001495
21-mars-16;-.3117990791797638
22-mars-16;.2721140682697296
23-mars-16;-.3937805891036987
24-mars-16;.3000527322292328
25-mars-16;.8434699773788452
28-mars-16;.4771274924278259
29-mars-16;.6185357570648193
30-mars-16;-.0685477778315544
31-mars-16;.2421431988477707
01apr2016;-.3316032588481903
04apr2016;-.3316032588481903
05apr2016;.5270167589187622
06apr2016;1.086552739143372
07apr2016;.2078149169683456
08apr2016;-.1477778255939484
11apr2016;-.0486951246857643
12apr2016;-.1625684946775436
13apr2016;-.1782997250556946
14apr2016;.1012280136346817
15apr2016;.4011062979698181
18apr2016;.8597750067710877
19apr2016;.0263526868075132
20apr2016;.1708873063325882
21apr2016;.6036300659179688
22apr2016;.4207018613815308
25apr2016;.5994271636009216
26apr2016;.5222573280334473
27apr2016;-.0253323148936033
28apr2016;.2963194251060486
29apr2016;.1461174786090851
02may2016;-.1780030876398087
03may2016;.0127830179408193
04may2016;.2728087306022644
05may2016;.3534252345561981
06may2016;.440904825925827
09may2016;.1450159400701523
10may2016;-.3431690633296967
11may2016;.0793791860342026
12may2016;-.2349214553833008
13may2016;.6127479076385498
16may2016;.0429331324994564
17may2016;.5607984066009522
18may2016;.2858864665031433
19may2016;.9037014842033386
20may2016;.2833218574523926
23may2016;.2833218574523926
24may2016;.1171108111739159
25may2016;.2980086803436279
26may2016;.4998642504215241
27may2016;-.1248859539628029
30may2016;.8957170844078064
31may2016;1.135558128356934
01-juin-16;.6766600012779236
02-juin-16;.8810723423957825
03-juin-16;.6055166125297546
06-juin-16;.4488357305526733
07-juin-16;.6343087553977966
08-juin-16;.5737346410751343
09-juin-16;-.0363484360277653
10-juin-16;-.2739937007427216
13-juin-16;-.0699971541762352
14-juin-16;.2802165150642395
15-juin-16;-.2167322188615799
16-juin-16;-.4269344806671143
17-juin-16;-.3009101152420044
20-juin-16;.1318317204713821
21-juin-16;.1206308379769325
22-juin-16;-.0513652935624123
23-juin-16;.0802006721496582
24-juin-16;-.0683616176247597
27-juin-16;.4326438903808594
28-juin-16;.065082959830761
29-juin-16;.2131991982460022
30-juin-16;.2713143527507782
01-juil-16;.2558382451534271
04-juil-16;.729650616645813
05-juil-16;-.4993967115879059
06-juil-16;-.059939194470644
07-juil-16;.0089888935908675
08-juil-16;-.6408143043518066
11-juil-16;-.2690146565437317
12-juil-16;.2450349777936935
13-juil-16;-.3351269364356995
14-juil-16;.1076527610421181
15-juil-16;1.425984978675842
18-juil-16;1.087276935577393
19-juil-16;.1998607963323593
20-juil-16;.3497435748577118
21-juil-16;.4530991017818451
22-juil-16;.3540675044059753
25-juil-16;.3540675044059753
26-juil-16;.3950246274471283
27-juil-16;-1.164729952812195
28-juil-16;.1314683854579926
29-juil-16;-.3939724862575531
01aug2016;-.3939724862575531
02aug2016;.4131866097450256
03aug2016;.2751941680908203
04aug2016;-.3893512785434723
05aug2016;-.0400585047900677
08aug2016;-.0873737409710884
09aug2016;.0556759759783745
10aug2016;.16100212931633
11aug2016;.2397386878728867
12aug2016;.3363791704177856
15aug2016;.3416578769683838
16aug2016;.3881689012050629
17aug2016;-.3084149956703186
18aug2016;.7199543714523315
19aug2016;.288436621427536
22aug2016;.7121486663818359
23aug2016;-.03474310785532
24aug2016;.2366004288196564
25aug2016;.5211688876152039
26aug2016;1.041036009788513
29aug2016;.5888133049011231
30aug2016;.1769543141126633
31aug2016;-.4236699640750885
01-sept-16;.271834135055542
02-sept-16;.3863228857517242
05-sept-16;.2270820140838623
06-sept-16;1.127440690994263
07-sept-16;.1082961186766625
08-sept-16;.5398615002632141
09-sept-16;.472809225320816
12-sept-16;.550822377204895
13-sept-16;.0548171401023865
14-sept-16;-.331685334444046
15-sept-16;.1987495720386505
16-sept-16;-.037269365042448
19-sept-16;-.1772880405187607
20-sept-16;.4191142022609711
21-sept-16;1.462134957313538
22-sept-16;-.1976836025714874
23-sept-16;.0964113473892212
26-sept-16;.7259058952331543
27-sept-16;.7189820408821106
28-sept-16;-.5919381976127625
29-sept-16;-.41489177942276
30-sept-16;.5778355598449707
03-oct-16;.2198102921247482
04-oct-16;.4612687528133392
05-oct-16;.2143733948469162
06-oct-16;.3338280618190765
07-oct-16;.3145002126693726
10-oct-16;.1700968146324158
11-oct-16;.4357306361198425
12-oct-16;-.3840633928775787
13-oct-16;.0913286283612251
14-oct-16;.0842849984765053
17-oct-16;.946002185344696
18-oct-16;-.1361240297555924
19-oct-16;.8996473550796509
20-oct-16;.5899353623390198
21-oct-16;.5735423564910889
24-oct-16;.4132308959960938
25-oct-16;.1830901652574539
26-oct-16;.2142238914966583
27-oct-16;.4075652062892914
28-oct-16;.305736631155014
31-oct-16;.433760792016983
01-nov-16;.1727129071950913
02-nov-16;-.4094472527503967
03-nov-16;.2376487255096436
04-nov-16;.7640365958213806
07-nov-16;-.2465133816003799
08-nov-16;-.5440633893013001
09-nov-16;-.5028103590011597
10-nov-16;.1828282326459885
11-nov-16;1.435936570167542
14-nov-16;.9799113273620606
15-nov-16;-.5017300844192505
16-nov-16;.0236362982541323
17-nov-16;-.416241854429245
18-nov-16;.3562269508838654
21-nov-16;.4014534056186676
22-nov-16;.9593992233276367
23-nov-16;1.268784046173096
24-nov-16;.2149447053670883
25-nov-16;-1.617063403129578
28-nov-16;-.8917813301086426
29-nov-16;.0913510024547577
30-nov-16;-.1771465241909027
01dec2016;.2580995857715607
02dec2016;.039611428976059
05dec2016;.3844223320484161
06dec2016;.1220190525054932
07dec2016;.3333512544631958
08dec2016;.7003126740455627
09dec2016;-.0460023209452629
12dec2016;.3453238904476166
13dec2016;1.098360776901245
14dec2016;.4559527635574341
15dec2016;.7644359469413757
16dec2016;.5535179972648621
19dec2016;.7114132046699524
20dec2016;.4552306234836578
21dec2016;-.1568816602230072
22dec2016;.2410950809717178
23dec2016;.1268607974052429
26dec2016;.8021807074546814
27dec2016;-.240913912653923
28dec2016;-.1939219832420349
29dec2016;-.5908058285713196
30dec2016;-.5339076519012451
